Test,User ID,count,mean,std,min,25%,50%,75%,max
A1a1,379.0,13.0,-88.5586153846154,52.8528762123981,-187.044,-126.24600000000001,-87.37200000000001,-42.306000000000004,-9.861
A1a1,390.0,13.0,-104.62138461538463,60.14585557007574,-188.053,-144.511,-125.53,-81.842,7.16
A1a1,399.0,13.0,-33.419769230769234,50.38922508194559,-98.66,-70.923,-54.952,-2.7039999999999997,66.783
A1a1,486.0,13.0,-141.0683846153846,68.44112561968676,-203.27200000000002,-183.636,-158.045,-127.206,59.151
A1a1,510.0,13.0,2.2605384615384634,69.67613262040237,-123.01100000000001,-33.311,6.062,40.242,133.425
A1a1,514.0,13.0,-57.8523076923077,49.19591949776697,-134.011,-91.54700000000001,-74.681,-34.436,44.195
A1a1,521.0,13.0,-77.1316153846154,21.22599973121981,-121.353,-86.382,-70.918,-64.648,-48.276
A1a1,591.0,13.0,-27.825999999999997,49.48407085618563,-83.22399999999998,-50.202,-39.22,-26.519000000000002,109.60700000000001
A1a1,729.0,12.0,-55.160666666666664,40.41677215156494,-129.372,-81.80924999999999,-57.606,-29.736749999999997,5.529
A1a1,932.0,13.0,-7.395538461538459,64.93419977640878,-162.942,-41.424,5.1960000000000015,30.763,74.173
A1a2,379.0,27.0,-16.64766666666667,40.995748139757886,-68.153,-39.4155,-21.163,-5.3915,153.189
A1a2,390.0,28.0,-37.985821428571434,42.86117754734124,-117.441,-59.79599999999999,-33.8505,-14.851499999999998,50.456
A1a2,399.0,26.0,-3.995115384615386,77.58119621574646,-87.384,-44.396499999999996,-23.653999999999996,-9.75525,230.253
A1a2,486.0,28.0,-59.50628571428572,51.41767168681524,-132.095,-92.33475000000001,-69.348,-44.868,132.477
A1a2,510.0,28.0,-2.7492142857142854,26.51178701712259,-40.451,-19.276,-8.454,12.6905,62.393
A1a2,514.0,28.0,-65.15328571428572,47.45317285794191,-130.364,-99.6975,-68.8435,-50.291,104.979
A1a2,521.0,28.0,-24.003857142857147,79.79990579485495,-138.72,-51.675250000000005,-30.09,-16.07225,331.111
A1a2,591.0,28.0,6.467249999999999,66.97802625440067,-56.925,-11.197500000000002,-0.1685,9.89875,329.07
A1a2,729.0,28.0,3.263392857142859,57.76991902643995,-83.64399999999998,-26.35425,-5.0655,12.60425,201.231
A1a2,932.0,27.0,-79.0635925925926,31.44095032114751,-155.379,-101.61500000000001,-76.40899999999998,-62.667500000000004,-17.301
A1a3,379.0,43.0,-46.32697674418605,45.395124084971094,-113.833,-65.17,-56.927,-41.091499999999996,124.929
A1a3,390.0,43.0,-60.596000000000004,43.98130081501629,-110.38600000000001,-81.794,-66.52600000000001,-53.1805,142.931
A1a3,399.0,42.0,-20.294976190476188,42.796937845488884,-121.723,-38.192750000000004,-24.310000000000002,-10.9605,161.445
A1a3,486.0,41.0,-82.37690243902439,64.98938651110844,-224.554,-132.03799999999998,-76.869,-31.84,23.399
A1a3,510.0,42.0,-5.437333333333333,50.839182581877694,-65.884,-33.255500000000005,-17.6405,-1.19725,177.929
A1a3,514.0,43.0,-32.57276744186047,52.07147178082083,-118.586,-52.031499999999994,-40.146,-23.139499999999998,191.525
A1a3,521.0,43.0,-11.334581395348838,33.595065245071304,-76.729,-26.1235,-15.703,-2.714,96.14399999999999
A1a3,591.0,43.0,-6.962813953488371,52.590987834353655,-76.643,-36.8825,-12.468,5.5265,191.296
A1a3,729.0,43.0,2.917581395348836,41.28062210461959,-63.271,-20.027,-5.063,17.3185,151.10399999999996
A1a3,932.0,43.0,-67.92199999999998,37.845096154619306,-132.459,-92.81,-70.192,-52.617000000000004,74.247
A1a4,379.0,56.0,-51.11010714285714,43.853344198249346,-145.289,-76.57675,-54.3345,-26.8335,93.45299999999999
A1a4,390.0,56.0,-30.73071428571428,37.26057039270347,-165.433,-45.102250000000005,-30.947499999999998,-20.026249999999997,117.48200000000001
A1a4,399.0,56.0,-16.47082142857143,39.328743798031084,-160.856,-34.1335,-17.569000000000003,-1.6972500000000001,89.214
A1a4,486.0,57.0,-52.58084210526315,40.4215371667265,-127.229,-70.851,-56.928999999999995,-39.203,109.25299999999999
A1a4,510.0,57.0,-20.026719298245617,36.176006829583685,-141.537,-31.813000000000002,-21.324,-4.1739999999999995,97.413
A1a4,514.0,56.0,-41.42473214285714,45.70556189249582,-163.003,-60.3455,-46.313500000000005,-27.92675,144.858
A1a4,521.0,55.0,-3.7414909090909103,34.492890881537555,-84.33,-19.118000000000002,-3.202,7.573,159.47899999999996
A1a4,591.0,57.0,-14.974543859649122,44.7173457384868,-119.777,-35.699,-15.087,0.9109999999999999,132.093
A1a4,729.0,56.0,-10.01075,49.270103777682834,-158.685,-24.37525,-8.884,6.5889999999999995,123.488
A1a4,932.0,56.0,-38.77335714285714,43.30902577331619,-135.895,-63.48949999999999,-38.8085,-18.922250000000002,108.28
A1b1,379.0,22.0,214.57127272727274,273.99473833307053,-169.417,-64.36225,389.716,451.08375,557.114
A1b1,390.0,21.0,-87.71200000000002,42.1549360692197,-161.763,-109.99,-94.874,-57.416000000000004,17.378
A1b1,399.0,21.0,54.05119047619049,90.61398028925727,-65.865,9.092,36.858000000000004,64.227,353.07099999999997
A1b1,486.0,21.0,-153.38219047619046,91.60816702981184,-249.958,-206.929,-163.91,-131.888,189.60299999999998
A1b1,510.0,21.0,-20.986904761904764,60.470041685039995,-157.795,-49.352,-30.311,12.9,147.50799999999995
A1b1,514.0,22.0,-141.59095454545457,43.26431545025055,-210.65099999999998,-171.57099999999997,-143.94,-119.50475,-25.766
A1b1,521.0,22.0,-77.0849090909091,94.24849284327807,-360.64,-102.6235,-76.42600000000002,-47.59825000000001,197.037
A1b1,591.0,21.0,-14.043999999999999,29.85477016156715,-89.259,-28.91,-9.94,7.74,32.554
A1b1,729.0,21.0,-7.799761904761903,103.44985669004319,-96.34200000000001,-58.345,-24.141,11.823,405.517
A1b1,932.0,20.0,-93.29594999999999,121.67488600731092,-235.521,-152.75024999999997,-100.69149999999999,-72.41175000000001,365.48199999999997
A1b2,379.0,19.0,-4.770210526315789,55.49089922338512,-62.935,-31.7945,-17.892,9.059999999999999,195.865
A1b2,390.0,21.0,-22.604857142857142,53.16448276461054,-116.899,-45.43,-24.84800000000001,-6.135,134.68
A1b2,399.0,21.0,9.181761904761904,40.103934961428365,-63.01300000000001,-12.341,5.7170000000000005,25.064,121.947
A1b2,486.0,21.0,-45.01419047619048,41.76407407404005,-125.17,-70.042,-44.898999999999994,-23.188000000000002,71.8
A1b2,510.0,21.0,-4.75347619047619,36.13308991301332,-49.111000000000004,-29.948,-10.534,7.926,113.365
A1b2,514.0,21.0,-38.822809523809525,26.733014574901667,-77.969,-54.251999999999995,-47.40600000000001,-26.395,51.523
A1b2,521.0,22.0,20.841,40.74430359484098,-33.778,-2.6744999999999997,11.4195,30.865999999999996,111.694
A1b2,591.0,21.0,26.806238095238108,26.781718779616746,-29.506,13.748,26.964000000000002,38.13800000000001,93.66799999999999
A1b2,729.0,21.0,41.86228571428572,53.44792148544493,-21.299,19.695,39.034,54.257,239.81400000000002
A1b2,932.0,21.0,-74.88714285714283,49.28307430577532,-158.335,-107.91799999999999,-77.658,-45.666000000000004,54.975
A1b3,379.0,22.0,-37.81813636363636,52.11123611887999,-225.03099999999998,-44.099500000000006,-35.891000000000005,-27.41175,61.586999999999996
A1b3,390.0,14.0,-24.969142857142856,16.316155103535802,-57.28100000000001,-29.8005,-22.53,-13.173749999999998,-4.614
A1b3,399.0,21.0,18.396142857142856,38.7796410843186,-91.155,8.689,21.695999999999998,34.078,105.544
A1b3,486.0,14.0,-5.446857142857142,31.972317903647024,-60.919,-20.711000000000002,-10.175999999999998,13.0135,74.798
A1b3,510.0,15.0,-17.62406666666667,24.098758039921204,-92.65100000000001,-23.183,-11.341,-3.4765,9.391
A1b3,514.0,21.0,-48.34861904761904,24.77012527315151,-98.03399999999999,-62.703,-51.205,-28.425,-10.156
A1b3,521.0,22.0,28.527,37.414628183308714,-13.317,10.31625,19.593500000000002,32.8285,168.34400000000005
A1b3,591.0,7.0,9.62742857142857,25.663782274229334,-30.91800000000001,-5.1655,16.852,24.3945,43.0
A1b3,729.0,13.0,-15.854230769230771,30.31785791727885,-64.648,-33.586999999999996,-18.79,-5.2120000000000015,37.696
A1b3,932.0,13.0,-43.67123076923076,15.317994255960569,-73.109,-45.927,-43.677,-36.297,-19.226
A1b4,379.0,22.0,-21.123181818181816,46.11659848030793,-67.02,-54.8315,-30.387,-15.322,115.12899999999999
A1b4,390.0,9.0,-27.81566666666667,25.15659739511685,-52.144,-42.131,-37.229,-19.189,31.221999999999998
A1b4,399.0,13.0,18.40623076923077,22.245075571737388,-24.116999999999997,7.7620000000000005,13.690999999999999,34.616,57.924
A1b4,486.0,11.0,-22.875454545454545,39.034523031192876,-116.26799999999999,-34.9135,-9.695,3.4605,18.703
A1b4,510.0,11.0,-23.516545454545454,35.45500833835365,-58.728,-42.2395,-34.313,-18.508499999999998,44.282
A1b4,514.0,20.0,-16.484150000000003,42.194851592001754,-72.258,-41.612750000000005,-27.203500000000005,6.6,114.015
A1b4,521.0,22.0,29.23595454545455,36.4914204077998,-19.463,16.286749999999998,23.7085,32.91275,173.743
A1b4,591.0,4.0,22.874750000000002,44.27464856532837,-15.917,-15.217250000000002,22.3175,60.4095,62.78100000000001
A1b4,729.0,9.0,-11.276111111111112,25.6934567372923,-67.785,-17.972,-7.463999999999999,0.992,25.901
A1b4,932.0,9.0,15.405333333333333,33.08863022625748,-17.564,-14.712,-2.015,48.534,62.434
A2a1,379.0,18.0,2.786000000000003,88.5619034640543,-109.932,-52.969249999999995,-21.991,40.592749999999995,238.27200000000002
A2a1,390.0,19.0,-57.07126315789475,94.3271007474888,-137.724,-97.64350000000002,-74.542,-49.801,301.303
A2a1,399.0,18.0,-23.430777777777777,80.26759838744952,-192.986,-63.103,-17.545,24.06975,115.266
A2a1,486.0,19.0,-160.62415789473684,90.96645966585899,-315.156,-207.46349999999998,-178.69099999999997,-141.091,66.324
A2a1,510.0,19.0,-29.23078947368421,45.947041691227945,-90.66799999999999,-56.772,-38.755,-22.156,92.566
A2a1,514.0,18.0,-73.28783333333334,71.58582023512265,-144.906,-111.886,-84.138,-64.63974999999999,164.847
A2a1,521.0,18.0,-37.461333333333336,83.34422866218222,-105.131,-65.01950000000001,-55.8595,-42.66825,280.07
A2a1,591.0,19.0,-41.618,85.0253351889894,-127.58,-99.19,-63.111999999999995,-6.552,218.396
A2a1,729.0,19.0,-49.235263157894735,58.35520444641125,-147.058,-100.148,-51.56399999999999,-3.9084999999999996,46.46
A2a1,932.0,17.0,-51.83729411764706,71.13280548010593,-203.226,-103.34899999999999,-51.276,6.132999999999999,65.611
A2a2,379.0,18.0,-15.186888888888891,31.925833316111024,-48.773,-35.97650000000001,-26.183500000000002,-8.32975,57.643
A2a2,390.0,19.0,-52.78452631578948,42.193589056696524,-98.244,-88.16650000000001,-67.719,-30.3285,39.629
A2a2,399.0,19.0,-0.26526315789473626,29.806447542328275,-44.292,-22.432000000000002,1.245,20.497,50.608999999999995
A2a2,486.0,19.0,-42.286,47.06390774373832,-103.736,-77.67099999999999,-53.365,-20.499,47.371
A2a2,510.0,19.0,-9.897473684210526,33.74084172263708,-65.217,-26.021500000000003,-10.033999999999999,-1.89,93.711
A2a2,514.0,19.0,-56.13889473684211,64.3377763862075,-139.191,-80.41499999999999,-65.541,-53.15050000000001,177.71400000000003
A2a2,521.0,19.0,5.510578947368421,22.476541339597677,-56.125,-5.117,7.902,15.131999999999998,47.81399999999999
A2a2,591.0,19.0,-19.61836842105263,49.277502624547445,-69.15100000000001,-52.33600000000001,-28.408,-4.6450000000000005,140.435
A2a2,729.0,19.0,4.273368421052631,37.93590615060929,-64.69800000000001,-15.935,0.9279999999999999,15.4465,91.36200000000001
A2a2,932.0,19.0,-23.015473684210527,64.89068813385616,-117.189,-64.2405,-54.815,23.690500000000007,114.712
A2a3,379.0,19.0,-49.14763157894737,32.600712298303016,-77.852,-70.0255,-57.465,-46.111999999999995,54.026
A2a3,390.0,19.0,-25.306526315789476,18.62788435941136,-53.01600000000001,-37.692499999999995,-31.304000000000002,-11.886500000000002,22.281
A2a3,399.0,19.0,7.465157894736841,44.83513574352543,-33.08,-23.500500000000002,-1.639,13.8415,125.81
A2a3,486.0,19.0,-42.58505263157895,25.3179109886738,-92.596,-62.3125,-40.71,-26.717999999999996,6.6110000000000015
A2a3,510.0,18.0,-10.877000000000002,22.38743108243079,-51.838,-23.83775,-13.545,-2.0665,54.736999999999995
A2a3,514.0,19.0,-89.74857894736843,48.8167323902093,-155.77100000000004,-118.81099999999999,-95.619,-70.509,25.226
A2a3,521.0,19.0,-9.497789473684211,22.215969080268334,-46.019,-21.8525,-11.907,3.8549999999999995,37.268
A2a3,591.0,19.0,-2.83842105263158,43.166192102044896,-75.145,-23.460500000000003,-4.727,8.814,118.23
A2a3,729.0,19.0,-14.00542105263158,42.16420230916768,-57.768,-49.8745,-13.872,-0.6324999999999998,106.445
A2a3,932.0,17.0,-36.90458823529412,30.893028145640777,-131.922,-42.913999999999994,-32.83,-18.404,-4.816
A2a4,379.0,19.0,-52.01778947368422,32.08279043796767,-144.171,-59.798,-45.275,-31.0355,-19.234
A2a4,390.0,18.0,-1.6473333333333313,40.18121323966917,-63.273999999999994,-29.9475,-8.496,12.379,82.76700000000002
A2a4,399.0,18.0,20.88761111111111,51.341115986334216,-165.172,16.31575,29.17,40.534749999999995,101.137
A2a4,486.0,19.0,-56.38278947368422,32.19411904642583,-92.26799999999999,-73.152,-62.602,-53.757,42.523
A2a4,510.0,19.0,21.317789473684208,28.191002525587145,-10.067,-0.06499999999999995,14.270999999999999,30.569000000000003,102.244
A2a4,514.0,19.0,-25.725789473684216,43.87667951527953,-67.023,-51.623,-37.26300000000001,-25.523500000000002,97.61
A2a4,521.0,19.0,-14.630210526315789,50.33260817863831,-166.424,-27.3285,-19.702,-1.985,94.28399999999999
A2a4,591.0,19.0,-14.82857894736842,19.529274021654402,-53.85,-27.8315,-15.802,-5.226999999999999,32.238
A2a4,729.0,19.0,0.18889473684210556,25.348157449791398,-38.329,-20.604999999999997,3.069,17.118000000000002,39.696
A2a4,932.0,19.0,-18.12726315789474,40.18533022252732,-81.543,-45.859,-19.457,-3.1525,81.607
A2b1,379.0,19.0,-8.115052631578946,72.68771157452626,-84.54,-63.672,-28.369,24.957,162.225
A2b1,390.0,18.0,-83.2,66.36935067971555,-176.324,-126.05499999999999,-81.37750000000001,-56.233000000000004,100.26299999999999
A2b1,399.0,19.0,51.2878947368421,72.61244839472907,-71.061,9.4845,46.691,111.6845,151.942
A2b1,486.0,19.0,-73.00684210526315,87.36464464483403,-203.26,-94.21600000000001,-75.775,-43.7415,189.33
A2b1,510.0,19.0,-25.43352631578947,37.78493154738984,-109.02799999999999,-47.888,-32.884,0.8929999999999998,38.707
A2b1,514.0,19.0,-70.10642105263159,35.92301263244278,-136.559,-103.916,-68.131,-52.317499999999995,10.386
A2b1,521.0,19.0,-13.45526315789474,42.52590229997361,-84.77600000000002,-34.596000000000004,-14.321,-5.892,106.189
A2b1,591.0,19.0,-11.561263157894738,72.22945888381777,-96.765,-56.5175,-23.385,11.6495,199.679
A2b1,729.0,19.0,30.791947368421052,114.85152782831004,-88.336,-20.5315,7.529,33.8205,449.292
A2b1,932.0,18.0,-32.507777777777775,135.71404769612232,-203.521,-124.06800000000001,-68.13300000000001,24.4695,321.757
A2b2,379.0,19.0,-13.829105263157894,26.911676573344593,-56.94300000000001,-36.235,-14.814,9.14,27.206999999999997
A2b2,390.0,18.0,-14.105222222222222,23.387060211994946,-68.775,-19.792,-16.281,2.447,31.767
A2b2,399.0,18.0,-6.925999999999998,30.77169191089147,-58.872,-21.249499999999998,-9.285,9.749999999999998,52.49100000000001
A2b2,486.0,19.0,-74.61552631578947,78.24733821129028,-165.465,-130.2015,-101.141,-43.670500000000004,102.152
A2b2,510.0,19.0,-3.0874736842105275,35.727835627091814,-89.712,-20.043,0.754,13.573,71.766
A2b2,514.0,19.0,-39.49894736842106,33.035635507523764,-81.65100000000002,-59.494,-38.279,-25.7605,62.973
A2b2,521.0,19.0,16.075842105263156,23.91074711705819,-28.086,1.0655000000000001,16.137,30.506500000000003,65.399
A2b2,591.0,19.0,-9.468736842105264,51.18100793354471,-62.998999999999995,-37.75,-32.243,7.000000000000005,108.65
A2b2,729.0,19.0,-6.4826842105263145,48.46610083582205,-82.134,-33.176,-17.334,1.1809999999999998,103.322
A2b2,932.0,19.0,-63.06621052631578,41.30429466852481,-123.068,-90.435,-71.47399999999998,-30.639,29.433000000000003
A2b3,379.0,19.0,-33.7958947368421,44.55460584109089,-105.302,-55.5045,-48.06,-18.4665,95.189
A2b3,390.0,19.0,14.016526315789472,46.58267439530189,-45.90600000000001,-10.008000000000003,1.973,22.6655,146.247
A2b3,399.0,19.0,10.971105263157895,26.649830741373567,-42.86600000000001,0.927,9.788,28.008499999999998,66.666
A2b3,486.0,18.0,-14.416166666666665,29.531480067388905,-60.977,-33.572500000000005,-19.323,-1.9675000000000002,62.668
A2b3,510.0,19.0,-5.489947368421053,25.520815204834236,-40.923,-19.466,-11.417,1.029,72.124
A2b3,514.0,19.0,-27.644157894736843,29.332461728079352,-72.541,-44.80800000000001,-32.254,-19.9865,55.63800000000001
A2b3,521.0,19.0,-12.193842105263156,30.11337721431228,-43.62600000000001,-37.759,-26.164,3.852,49.722
A2b3,591.0,19.0,-20.88926315789474,26.023339474919442,-61.122,-40.0015,-22.159000000000002,-6.3095,33.602
A2b3,729.0,19.0,-4.168368421052632,34.98590105585475,-51.802,-23.634999999999998,-14.085,5.7775,107.368
A2b3,932.0,19.0,-47.52068421052632,42.25643886248795,-92.178,-72.46199999999999,-56.006,-46.56100000000001,84.156
A2b4,379.0,19.0,-33.40647368421053,38.80344894088156,-77.008,-58.8695,-48.07,-19.155000000000005,73.538
A2b4,390.0,19.0,-15.09573684210526,36.523015507488346,-87.286,-31.872999999999998,-19.855999999999998,-6.631499999999999,74.21300000000002
A2b4,399.0,19.0,-11.517736842105265,43.328714607498014,-164.942,-20.9485,-12.573,8.0335,65.794
A2b4,486.0,19.0,-12.419894736842105,47.84499576165462,-62.873999999999995,-44.12299999999999,-26.958000000000002,-4.1255,91.691
A2b4,510.0,19.0,-16.11326315789474,27.74583171866062,-43.411,-36.269,-23.518,-6.9025,65.53
A2b4,514.0,17.0,-53.85870588235294,29.634673432831825,-91.93299999999999,-72.817,-62.992,-46.63,17.984
A2b4,521.0,14.0,-16.505214285714285,16.158969903281733,-53.618,-25.927,-12.2125,-4.2815,4.333
A2b4,591.0,16.0,0.39312500000000017,29.215022270229404,-47.81100000000001,-21.59025,0.7809999999999999,13.1775,66.889
A2b4,729.0,19.0,-17.56978947368421,21.096435545631735,-53.067,-27.0105,-20.102999999999998,-6.4435,22.516
A2b4,932.0,18.0,-19.52661111111111,77.87665247959818,-129.002,-67.2265,-40.53,47.044,146.974
A3a1,379.0,10.0,-188.21520000000004,361.77567392632204,-783.868,-508.2832500000002,-94.241,109.33425,212.208
A3a1,390.0,12.0,-161.98324999999997,326.58887321416114,-685.6189999999998,-418.06225000000006,-25.0295,106.38749999999999,180.546
A3a1,399.0,13.0,43.81584615384615,248.33128627059395,-632.299,54.458,153.424,180.50099999999998,230.81900000000002
A3a1,486.0,12.0,-65.97466666666669,304.5407245519162,-583.8380000000002,-216.38925,68.75450000000001,151.71975,273.503
A3a1,510.0,12.0,-59.754333333333335,316.2243297940514,-654.217,-370.86275,77.14099999999999,196.49775,264.384
A3a1,514.0,13.0,47.02700000000001,354.9997102409616,-831.799,-17.756,182.80200000000002,190.963,463.505
A3a1,521.0,11.0,-214.50454545454548,349.51392089568157,-801.03,-449.365,-59.93899999999999,11.032,294.472
A3a1,591.0,12.0,-106.64425000000004,364.6599917784249,-764.643,-443.32475,16.236,170.47799999999995,253.97099999999998
A3a1,729.0,10.0,-24.51999999999999,296.9723609032403,-473.60699999999997,-304.51,159.257,168.226,287.411
A3a1,932.0,12.0,-142.70050000000003,370.9427786552187,-667.1080000000002,-421.70649999999995,-176.8755,219.53375000000003,367.759
A3a2,379.0,12.0,-88.09366666666666,95.926306886952,-208.51,-189.2585,-89.3585,14.472000000000001,39.117
A3a2,390.0,12.0,-91.04016666666668,83.19726155440162,-215.41,-156.49325,-72.3565,-40.81825000000001,71.597
A3a2,399.0,12.0,-15.81283333333333,107.05640014397963,-197.222,-95.28125,-19.264499999999998,50.3185,163.18
A3a2,486.0,12.0,-112.3825,114.86242331075111,-262.77299999999997,-205.07774999999998,-143.487,-20.40375,65.23899999999999
A3a2,510.0,12.0,24.044333333333338,122.88302828472385,-179.023,-54.61425,23.512,105.17675000000001,215.942
A3a2,514.0,12.0,-131.22549999999998,95.91716933754495,-270.33799999999997,-224.31849999999997,-115.411,-57.966750000000005,15.085
A3a2,521.0,12.0,-75.28616666666667,99.23029037714912,-266.20599999999996,-139.27749999999997,-70.864,-5.14725,69.464
A3a2,591.0,12.0,-19.31316666666666,124.45918313745443,-164.27599999999995,-135.0615,-15.226999999999999,92.16075000000002,156.511
A3a2,729.0,12.0,-53.348833333333324,95.48388576454653,-174.296,-108.50949999999999,-78.4225,4.17825,142.282
A3a2,932.0,12.0,-142.6293333333333,116.82543876254266,-304.52099999999996,-244.4395,-134.834,-56.2245,43.67
A3a3,379.0,21.0,-63.277095238095235,60.23122684447392,-177.63099999999997,-118.001,-53.309,-19.384,28.823
A3a3,390.0,20.0,-18.718600000000002,72.21029991512,-110.73700000000001,-60.778499999999994,-27.84800000000001,3.3499999999999996,159.981
A3a3,399.0,21.0,-9.66942857142857,59.56060947687777,-81.706,-48.45399999999999,-19.197,15.543,195.67
A3a3,486.0,21.0,-32.918190476190475,48.34704092560272,-118.29799999999999,-60.966,-14.333,4.949,34.489000000000004
A3a3,510.0,19.0,29.692210526315787,56.080615893133846,-58.245,-5.6065000000000005,13.978,62.775,158.433
A3a3,514.0,20.0,-108.18000000000002,51.8213347885131,-171.704,-149.32274999999998,-112.545,-84.81074999999998,18.374000000000002
A3a3,521.0,20.0,-1.184700000000001,36.588727399943394,-76.128,-15.256000000000002,-4.939,19.787,58.762
A3a3,591.0,21.0,9.232333333333335,61.62140467429588,-78.388,-16.705,2.151,16.677,166.032
A3a3,729.0,21.0,1.011666666666672,54.43997316433334,-80.577,-24.13,-12.594000000000001,23.234,170.58700000000005
A3a3,932.0,21.0,-58.140666666666675,58.66147012165083,-155.735,-87.65799999999999,-56.413000000000004,-24.314,65.35300000000001
A3a4,379.0,30.0,-56.363899999999994,34.300948490303924,-107.745,-82.64125,-57.7615,-35.467,33.888000000000005
A3a4,390.0,30.0,-6.9708000000000006,47.74456267175606,-156.374,-25.85075,-8.3535,5.86,110.47399999999999
A3a4,399.0,30.0,3.6022666666666656,42.422117564026586,-142.585,-17.81425,12.7165,28.767249999999997,70.791
A3a4,486.0,30.0,-17.07783333333333,51.27317427949436,-77.726,-59.97275,-35.1375,10.04075,111.772
A3a4,510.0,30.0,9.839566666666668,41.9870387732176,-120.895,-11.328,9.146999999999998,30.6835,96.494
A3a4,514.0,29.0,-62.021068965517244,32.2335049420974,-118.286,-90.686,-70.498,-35.343,2.135
A3a4,521.0,30.0,0.36873333333333314,46.41293268634429,-147.042,-19.57375,2.4655,13.10975,144.569
A3a4,591.0,30.0,3.0054666666666665,46.571477358582044,-89.34100000000002,-27.07,-3.3785,20.32525,115.27
A3a4,729.0,30.0,16.382033333333332,47.78229423013719,-39.81800000000001,-16.20875,6.112500000000001,28.07925,158.865
A3a4,932.0,30.0,-68.71543333333334,42.359584802826106,-171.0,-94.43475000000001,-71.80799999999999,-50.43225,58.905
A3b1,379.0,13.0,-52.07453846153846,292.0631981217465,-671.915,-235.169,108.697,166.955,199.253
A3b1,390.0,12.0,-54.57633333333333,304.8062316391524,-535.769,-299.847,86.163,200.84525000000002,257.21
A3b1,399.0,10.0,-14.131100000000009,298.3497872693318,-585.403,-165.06050000000002,148.43900000000002,181.87049999999996,199.46599999999998
A3b1,486.0,12.0,-217.09416666666672,358.9515262067449,-695.985,-594.23725,-130.26950000000002,123.70249999999999,183.43099999999998
A3b1,510.0,12.0,-16.877166666666678,312.5938546798482,-515.08,-292.559,184.57600000000002,213.368,351.056
A3b1,514.0,13.0,-161.31953846153846,399.31029718933604,-875.079,-431.957,11.069,162.168,294.916
A3b1,521.0,13.0,-252.62976923076926,347.3420040085741,-874.445,-555.427,-81.918,3.156,223.209
A3b1,591.0,11.0,-47.52190909090909,308.6002068374079,-598.359,-287.35749999999996,15.765,193.599,282.132
A3b1,729.0,11.0,-153.8351818181818,326.8690702767144,-583.65,-444.3565,-0.265,128.0235,218.053
A3b1,932.0,11.0,-173.8097272727273,317.33754744438636,-541.423,-503.073,-222.703,117.7295,215.946
A3b2,379.0,13.0,-27.769076923076927,106.99943908767432,-169.146,-129.433,1.3030000000000002,26.256,193.58900000000003
A3b2,390.0,13.0,2.576384615384615,80.71752087221466,-111.40100000000001,-79.77199999999998,29.947,55.581,152.808
A3b2,399.0,13.0,-19.263692307692306,70.10148451041606,-143.217,-78.23899999999998,-14.491,35.781,88.48700000000002
A3b2,486.0,13.0,-70.08053846153847,90.61184169725958,-228.579,-144.882,-38.126,13.468,37.576
A3b2,510.0,13.0,-5.545461538461542,104.51675188744895,-137.078,-95.00299999999999,-38.071,32.106,217.18599999999998
A3b2,514.0,13.0,-78.89115384615386,90.60434601776943,-176.08700000000005,-157.692,-82.47,-9.986,119.499
A3b2,521.0,13.0,-35.033846153846156,64.39676106483171,-131.628,-60.023999999999994,-42.324,12.174000000000001,95.57600000000001
A3b2,591.0,12.0,-23.486833333333333,95.96571234734485,-187.489,-76.19075,-33.257,33.5075,147.08100000000005
A3b2,729.0,11.0,-58.85154545454545,69.36258971717194,-185.43099999999998,-112.58950000000002,-44.114,-3.135500000000001,30.145
A3b2,932.0,12.0,-133.02374999999998,74.64365568379478,-249.81,-193.65775,-116.6825,-72.172,-40.768
A3b3,379.0,22.0,-68.19,35.015532826773565,-143.517,-94.25324999999998,-66.852,-42.775999999999996,-4.664
A3b3,390.0,19.0,-35.79694736842106,57.65500165878806,-136.67700000000002,-86.896,-27.145,7.1135,48.611000000000004
A3b3,399.0,20.0,-41.85235,51.54351952249467,-109.882,-64.727,-52.068,-27.287499999999998,105.905
A3b3,486.0,19.0,-77.40794736842106,60.400148574572306,-153.095,-116.803,-75.548,-65.47,82.31299999999997
A3b3,510.0,21.0,-10.254238095238092,48.09541217299708,-105.28299999999999,-42.236000000000004,-1.7469999999999999,12.25,89.485
A3b3,514.0,21.0,-56.64928571428571,48.92454495766196,-151.889,-94.514,-53.985,-34.811,57.751999999999995
A3b3,521.0,22.0,-3.6553636363636355,31.861942242752864,-65.357,-24.6035,-3.5005,13.737,67.399
A3b3,591.0,2.0,-11.816999999999998,12.071726968416737,-20.352999999999998,-16.085,-11.816999999999998,-7.5489999999999995,-3.281
A3b3,729.0,19.0,-6.603842105263156,49.910685452742214,-92.154,-34.348,-14.142000000000001,19.207,93.449
A3b3,932.0,19.0,-49.964,73.37455565566763,-146.668,-92.60650000000001,-62.778,-23.119500000000002,174.577
A3b4,379.0,30.0,-35.55363333333333,37.71373833963659,-146.489,-50.98075,-33.5075,-17.451,56.424
A3b4,390.0,14.0,-24.433071428571427,40.73511962283667,-113.56,-39.19675,-25.4255,-9.93675,49.566
A3b4,399.0,19.0,-8.250157894736843,43.73464498574602,-133.90200000000002,-23.487499999999997,1.975,16.228,51.833999999999996
A3b4,486.0,16.0,-18.517187500000006,66.38053909213528,-114.17200000000001,-54.779,-39.5845,1.3464999999999998,161.201
A3b4,510.0,17.0,26.56235294117647,30.42633599560827,-45.323,6.58,24.682,48.90600000000001,72.15100000000002
A3b4,514.0,29.0,-31.865172413793104,34.07625205127567,-86.259,-50.242,-28.44,-17.643,34.974000000000004
A3b4,521.0,31.0,26.75612903225806,39.2435540173941,-32.547,1.9255,15.097999999999999,35.668000000000006,152.32299999999995
A3b4,591.0,7.0,-3.237857142857142,20.571131312501763,-36.992,-13.714,-2.164,11.617,20.685
A3b4,729.0,12.0,-20.491333333333333,36.19937196173772,-79.72800000000002,-45.73675,-25.231,10.555,41.38800000000001
A3b4,932.0,14.0,-16.0065,50.210529928032486,-79.051,-57.73374999999999,-19.962000000000003,14.20525,106.38
A4a1,379.0,16.0,-165.60262500000002,232.60748141590372,-627.773,-235.87975,-140.274,-34.8505,216.571
A4a1,390.0,18.0,-92.51494444444445,219.42402426177497,-541.81,-180.67624999999998,-103.13300000000001,101.70049999999999,187.165
A4a1,399.0,19.0,39.875052631578946,206.6366339028956,-370.996,-57.524,29.377,148.25400000000002,590.427
A4a1,486.0,18.0,-38.52494444444445,231.65862284873666,-512.51,-123.57,-26.893500000000003,145.64875,331.619
A4a1,510.0,19.0,135.34526315789472,167.94930912591258,-343.936,92.89750000000001,182.48,214.57599999999996,345.102
A4a1,514.0,19.0,-108.25594736842106,207.84551266090602,-518.891,-147.45850000000002,-34.118,38.7935,123.397
A4a1,521.0,17.0,-67.33035294117647,212.10799670095574,-491.235,-90.274,-24.623,112.62200000000001,175.49
A4a1,591.0,18.0,-80.81366666666668,253.55311284086835,-589.561,-208.04825,19.6175,97.11149999999999,187.045
A4a1,729.0,18.0,8.599500000000006,225.35050852766332,-451.292,-132.8965,109.4795,166.23225,284.028
A4a1,932.0,19.0,-64.76294736842105,177.1110390061286,-540.202,-143.0935,-65.436,59.51799999999999,192.274
A4a2,379.0,19.0,-60.611,77.30229322816582,-168.35,-125.74149999999999,-48.498999999999995,-15.483999999999998,85.75200000000002
A4a2,390.0,19.0,17.22121052631579,58.1772076586116,-129.795,-4.641000000000001,27.173000000000002,52.7045,111.016
A4a2,399.0,19.0,-39.62773684210526,65.12604085057946,-143.457,-92.4375,-39.792,14.760000000000002,72.37100000000002
A4a2,486.0,19.0,-71.45410526315789,76.10174909356168,-258.509,-125.5475,-54.52,-18.297,61.553000000000004
A4a2,510.0,19.0,24.862368421052622,121.93545115857658,-147.33100000000005,-59.50500000000001,22.554000000000002,91.30699999999999,277.394
A4a2,514.0,19.0,-83.693,91.83328398486273,-265.697,-131.4075,-94.1,-41.081,149.174
A4a2,521.0,19.0,-35.896526315789465,54.412011020207274,-144.732,-58.697500000000005,-24.693,2.1254999999999997,38.791
A4a2,591.0,18.0,-14.672166666666662,88.51164982561866,-164.437,-45.7055,-11.034,22.39100000000001,138.36700000000002
A4a2,729.0,19.0,-15.586947368421056,79.7742286703013,-147.805,-65.1975,-29.784000000000002,52.09700000000001,135.31
A4a2,932.0,19.0,-111.47694736842107,99.56302096186431,-267.618,-170.05400000000003,-135.575,-52.11149999999999,155.099
A4a3,379.0,19.0,-76.02926315789473,56.707845378103556,-204.84099999999998,-113.49350000000001,-85.194,-50.384,34.566
A4a3,390.0,19.0,19.756947368421056,57.497715367630704,-188.399,-1.6325,36.43,54.30799999999999,75.893
A4a3,399.0,18.0,-24.146111111111107,31.3952823018118,-70.75399999999998,-46.47175,-22.9825,-8.119749999999998,34.308
A4a3,486.0,18.0,-97.67572222222222,43.54756971513761,-172.34799999999996,-138.60999999999999,-92.85300000000001,-64.81925,-30.872
A4a3,510.0,19.0,13.029578947368421,33.032332842763125,-46.371,-6.117,22.721999999999998,27.881999999999998,86.40899999999998
A4a3,514.0,19.0,-67.70752631578948,41.44285748589847,-127.186,-97.97,-77.127,-33.3825,-2.052
A4a3,521.0,19.0,-19.678368421052628,42.311357260735726,-99.819,-44.37,-22.593000000000004,9.497,48.713
A4a3,591.0,19.0,-27.06384210526315,38.969092216015895,-103.93299999999999,-49.0185,-28.455,-11.009,48.658
A4a3,729.0,19.0,19.678631578947368,31.848153058625144,-70.859,9.720500000000001,25.467,34.021,76.161
A4a3,932.0,18.0,-52.292777777777786,73.07792603673195,-168.041,-91.73775,-71.684,-25.666500000000003,171.093
A4a4,379.0,19.0,-79.79731578947369,33.434549537620896,-157.501,-96.21600000000001,-80.047,-63.64,-17.395
A4a4,390.0,19.0,-24.640842105263154,38.3323801407043,-68.926,-46.809,-26.559,-13.085,108.31
A4a4,399.0,19.0,7.791052631578946,28.45020272232731,-47.477,-9.082,7.2070000000000025,28.444000000000003,76.41
A4a4,486.0,19.0,-54.55105263157893,33.291219548893544,-120.23899999999999,-71.35900000000001,-52.657,-39.2885,13.237
A4a4,510.0,19.0,12.213684210526319,31.42925228023627,-33.961999999999996,-1.546,5.871,15.280000000000001,102.01700000000001
A4a4,514.0,18.0,-50.551944444444445,30.149810727085583,-95.303,-69.628,-49.623000000000005,-40.135999999999996,24.057
A4a4,521.0,19.0,-8.944789473684214,43.72067075776368,-135.821,-31.286500000000004,-0.299,21.4025,44.461999999999996
A4a4,591.0,19.0,-6.1204210526315785,53.711286348935175,-150.733,-12.2075,12.504000000000001,26.918,40.187
A4a4,729.0,19.0,-5.466157894736841,31.11283760990551,-88.36,-17.092,-3.1519999999999997,16.043,40.492
A4a4,932.0,19.0,-46.72994736842105,50.85323640795876,-122.536,-89.0595,-54.681999999999995,-6.8919999999999995,68.543
A4b1,379.0,17.0,-59.42476470588235,267.665644826136,-593.349,-163.65,-1.9140000000000001,136.514,395.94199999999995
A4b1,390.0,18.0,-72.68611111111112,307.6013158506409,-644.506,-329.20349999999996,-1.1980000000000004,182.3925,302.431
A4b1,399.0,19.0,-77.91973684210525,271.83644574446316,-687.02,-238.47699999999998,-20.819000000000006,145.91899999999998,312.987
A4b1,486.0,18.0,-84.48555555555555,253.39603370989946,-596.789,-163.01325000000006,-18.094499999999996,132.57475,168.077
A4b1,510.0,18.0,117.72461111111114,225.00941754647647,-481.176,118.89625000000001,182.334,219.992,382.70300000000003
A4b1,514.0,19.0,-1.1393684210526225,247.29356632243355,-528.439,-153.05700000000002,145.94,179.5585,245.72400000000002
A4b1,521.0,18.0,-189.59472222222223,263.18503013677423,-657.01,-345.5075,-138.85650000000004,16.159000000000006,155.91299999999995
A4b1,591.0,19.0,38.61478947368421,232.6070633504253,-523.376,-16.1025,156.877,182.6535,272.933
A4b1,729.0,18.0,13.781222222222224,303.4930784146399,-462.81199999999995,-243.89475,139.87,169.90925,639.355
A4b1,932.0,18.0,33.80705555555554,220.5185035889605,-486.07800000000003,-47.77,141.2825,191.89175,230.53799999999998
A4b2,379.0,19.0,-34.99726315789473,73.74695601013124,-191.57299999999998,-89.45349999999999,-28.888,16.613,83.499
A4b2,390.0,19.0,-32.21584210526315,80.0490523299191,-177.041,-77.26100000000002,-28.035,5.459,142.796
A4b2,399.0,19.0,-27.398631578947366,72.19875653993135,-157.139,-79.10249999999999,-31.837,4.696,124.007
A4b2,486.0,19.0,-47.342473684210525,104.1430575759285,-212.047,-120.261,-63.731,20.2025,234.958
A4b2,510.0,19.0,6.37478947368421,96.26366806362786,-122.65100000000001,-66.08299999999998,-7.153,51.1985,203.295
A4b2,514.0,19.0,-47.58894736842105,72.22219673147099,-207.673,-105.7165,-28.491999999999997,0.7979999999999999,46.466
A4b2,521.0,19.0,-22.800526315789476,88.29011794040045,-165.796,-87.1575,-38.898,30.435500000000005,163.54399999999995
A4b2,591.0,18.0,-13.693555555555557,105.59275736427595,-177.99900000000005,-94.0385,-14.8305,72.32075,187.067
A4b2,729.0,19.0,-9.086999999999996,103.92570482748187,-185.265,-76.127,6.42,45.016999999999996,161.263
A4b2,932.0,19.0,-87.789,90.42126717881264,-230.41099999999997,-145.2905,-97.273,-26.7255,97.235
A4b3,379.0,19.0,-57.32473684210525,53.529549989641865,-156.666,-96.3015,-58.306999999999995,-21.852,44.839
A4b3,390.0,18.0,-30.421777777777784,58.76662511259416,-97.41799999999999,-71.6815,-39.4495,-6.4755,148.814
A4b3,399.0,19.0,-34.51410526315789,21.74800441903869,-68.289,-46.8915,-33.211,-27.715500000000002,26.604
A4b3,486.0,19.0,-49.81452631578947,40.69184943281834,-103.383,-75.6625,-51.928999999999995,-33.9765,31.614
A4b3,510.0,19.0,24.193421052631578,38.66923643517586,-70.307,1.357,27.732,53.552499999999995,88.654
A4b3,514.0,19.0,-58.73926315789474,36.667155381352316,-138.639,-76.58899999999998,-57.544,-37.3685,-3.0989999999999998
A4b3,521.0,19.0,-17.716526315789476,31.79536285786275,-92.376,-31.9105,-13.302,-0.8620000000000001,54.431000000000004
A4b3,591.0,18.0,0.044277777777776035,52.56872898440619,-68.44800000000001,-33.188,-6.186500000000001,18.8945,147.248
A4b3,729.0,19.0,-3.930263157894737,27.593993412097866,-62.518,-21.9405,-1.081,11.7835,41.573
A4b3,932.0,19.0,-36.856263157894745,47.5743793593453,-104.84100000000001,-66.444,-45.667,-27.676499999999997,77.922
A4b4,379.0,19.0,-86.41889473684212,37.56716124178246,-144.341,-109.23850000000002,-87.85799999999998,-77.11350000000002,6.585
A4b4,390.0,19.0,-35.60652631578947,44.41263985419819,-141.441,-48.1755,-38.375,-11.084,63.102
A4b4,399.0,19.0,2.355842105263158,53.28931894673657,-131.999,-21.098,6.0120000000000005,11.441500000000001,138.334
A4b4,486.0,19.0,-44.83394736842105,31.305934495047218,-86.22,-68.20750000000001,-48.753,-32.3615,47.16
A4b4,510.0,19.0,17.823210526315787,39.79512098176379,-57.722,-3.097,14.450999999999999,44.644,97.171
A4b4,514.0,19.0,-32.702894736842104,41.76058779239203,-82.663,-62.718,-38.676,-23.083,79.665
A4b4,521.0,19.0,8.582421052631576,26.351186836682597,-31.379,-0.3095,4.765,12.1265,88.39399999999998
A4b4,591.0,19.0,12.375315789473683,55.353785780451105,-117.20100000000001,-26.335,21.006,36.3515,118.46799999999999
A4b4,729.0,18.0,-15.34911111111111,58.09855980992066,-161.91,-41.782000000000004,-24.341499999999996,9.129750000000001,97.432
A4b4,932.0,19.0,-88.46278947368421,56.31727810714631,-164.782,-137.69350000000003,-83.28299999999999,-40.746,1.482
H1a1,379.0,41.0,36.00109756097561,62.423395977311614,-167.49900000000005,28.916,48.08,68.678,128.814
H1a1,390.0,45.0,-6.048755555555556,43.13052283906036,-66.381,-28.63,-16.507,3.702,121.124
H1a1,399.0,45.0,27.571200000000005,46.206018983461455,-89.089,-8.406,27.138,53.729,119.03399999999999
H1a1,486.0,43.0,14.578046511627907,110.78483376797469,-167.373,-112.1465,72.908,99.792,152.668
H1a1,510.0,45.0,-78.68588888888888,62.24357638971935,-153.543,-114.69,-105.666,-43.347,101.445
H1a1,514.0,33.0,15.884484848484847,101.734296693065,-160.366,-67.557,30.443,96.45100000000001,161.58700000000005
H1a1,521.0,45.0,22.33615555555555,41.598100868448505,-116.08200000000001,-7.966,35.467,51.28100000000001,77.976
H1a1,591.0,11.0,-361.61509090909095,56.81287176416019,-464.525,-390.23350000000005,-340.79699999999997,-330.294,-282.093
H1a1,729.0,4.0,-39.21074999999999,123.50264204832487,-164.03799999999995,-135.97899999999998,-31.082500000000003,65.68575,69.36
H1a1,932.0,6.0,-56.1205,117.06169340608395,-160.84,-138.87349999999998,-83.158,-26.040750000000003,154.88
H1a2,379.0,45.0,16.957200000000007,45.42972483988069,-88.15899999999998,-9.06,10.193,48.229,117.416
H1a2,390.0,25.0,14.84876,99.70633832421754,-152.471,-75.042,19.953,90.741,161.795
H1a2,399.0,45.0,56.91575555555555,16.232633782201546,24.226999999999997,47.815,57.563,70.40100000000002,85.906
H1a2,486.0,44.0,9.54981818181818,51.456911236161204,-165.204,-6.299,6.817,37.576,125.634
H1a2,510.0,45.0,-17.84768888888889,24.168125920143645,-78.27,-31.96,-18.04,-3.907,33.498000000000005
H1a2,514.0,25.0,8.263679999999994,99.88087552960276,-161.247,-60.81399999999999,30.128,84.486,159.457
H1a2,521.0,45.0,-15.825666666666669,44.5749413077674,-130.015,-54.301,-5.492999999999999,21.369,48.354
H1a2,591.0,23.0,-184.69856521739135,69.65134954695036,-299.828,-245.69299999999998,-164.838,-131.563,-79.822
H1a2,729.0,16.0,4.698749999999995,90.29446681866318,-136.738,-79.644,16.1105,66.27374999999999,144.629
H1a2,932.0,7.0,8.689285714285718,116.27459912883566,-143.616,-78.1765,-4.675,99.2775,166.91400000000004
H1a3,379.0,45.0,8.497844444444445,38.21545015076039,-93.15299999999999,-6.45,9.957,24.858,131.5
H1a3,390.0,45.0,9.027666666666667,35.02739526038545,-63.354,-12.453,5.697,25.153000000000002,105.664
H1a3,399.0,45.0,7.691066666666664,28.92801317251309,-44.172,-10.897,3.767,17.95,109.619
H1a3,486.0,43.0,-2.3679302325581406,95.10654633454783,-155.60299999999995,-67.5765,-5.393,84.973,165.96599999999995
H1a3,510.0,45.0,-4.929622222222221,50.25493795561012,-161.091,-45.87300000000001,3.5780000000000003,27.005,88.62
H1a3,514.0,8.0,25.83349999999999,110.83527451261044,-163.64600000000004,-52.8845,45.855,90.97424999999998,158.881
H1a3,521.0,45.0,92.2526,36.45877219819669,-107.11,84.52,94.949,107.986,144.899
H1a3,591.0,31.0,-91.44770967741935,55.51160916672809,-169.365,-128.80700000000002,-108.565,-41.516999999999996,2.24
H1a3,729.0,11.0,19.253,103.32607704640684,-152.49,-66.628,11.185,113.0775,144.78
H1a3,932.0,31.0,-30.51774193548387,88.4298711397786,-164.477,-105.44,-12.173,52.314,106.713
H1a4,379.0,45.0,10.665533333333334,35.74037726285089,-84.779,-3.304,14.253,29.774,96.01299999999999
H1a4,390.0,45.0,-33.962022222222224,46.948834477492085,-126.075,-73.634,-21.344,8.356,31.246
H1a4,399.0,45.0,3.9823555555555554,13.777032912449148,-18.944000000000006,-8.195,1.371,13.651,32.653
H1a4,486.0,44.0,28.237863636363638,61.09546262168506,-147.03799999999995,-0.3255,30.5875,68.71600000000001,131.786
H1a4,510.0,45.0,-57.01286666666666,33.66377589189899,-118.279,-81.505,-60.648,-31.693,22.809
H1a4,514.0,30.0,5.396400000000002,101.25380465549821,-157.015,-75.7465,3.1445,94.35624999999999,159.887
H1a4,521.0,45.0,14.504622222222222,36.381325056013466,-56.476000000000006,-17.108,19.588,42.369,88.571
H1a4,591.0,11.0,33.92690909090909,60.23978989248642,-37.861,-6.003,18.934,58.176999999999985,140.88
H1a4,729.0,6.0,64.65500000000002,70.56387984231027,-21.689,13.974499999999999,58.533,125.54050000000001,145.555
H1a4,932.0,10.0,-6.943100000000001,80.51394938276913,-93.447,-75.99075,-27.7575,52.3095,125.829
H1b1,379.0,44.0,24.109772727272727,52.479339893157615,-146.656,2.07425,30.0225,54.14175,120.82799999999999
H1b1,390.0,45.0,-6.3328,19.362955560225632,-78.238,-10.664000000000001,-3.64,5.18,22.746
H1b1,399.0,44.0,81.77154545454545,52.326330402293436,4.441,36.98675,62.37649999999999,129.279,164.669
H1b1,486.0,45.0,7.307155555555555,28.697395502629572,-44.96,-8.463,-0.1,17.874000000000006,132.062
H1b1,510.0,45.0,33.44255555555556,18.35906505412561,-6.636,24.19400000000001,32.884,49.217,65.906
H1b1,514.0,5.0,3.847999999999999,82.86722466995019,-91.39,-78.65,36.497,75.828,76.955
H1b1,521.0,45.0,53.97344444444443,23.56026132027822,-75.345,45.537,58.301,65.138,92.32700000000001
H1b1,591.0,11.0,-41.86272727272728,45.595105215562135,-109.699,-71.505,-37.228,-13.793500000000002,27.844
H1b1,729.0,4.0,3.306000000000001,37.64714348614868,-41.288999999999994,-20.664,7.262499999999999,31.2325,39.988
H1b1,932.0,7.0,90.62471428571429,51.71244941247798,-3.9989999999999997,72.41750000000002,100.809,118.065,156.59799999999996
H1b2,379.0,45.0,26.96115555555556,47.092967809311915,-148.57299999999995,5.992999999999999,33.952,52.803000000000004,121.585
H1b2,390.0,45.0,1.6979555555555557,22.625948178982018,-104.1,-7.633999999999999,3.568,13.085,46.483000000000004
H1b2,399.0,45.0,-17.693355555555556,27.6749907195152,-83.525,-36.567,-18.893,-2.119,82.413
H1b2,486.0,41.0,12.173097560975613,93.93858603438868,-164.015,-59.341,23.059,87.69200000000002,165.36700000000005
H1b2,510.0,45.0,-70.30853333333334,53.139611012621536,-159.001,-103.226,-72.668,-42.433,37.13800000000001
H1b2,514.0,14.0,-28.74185714285714,97.51853013489452,-165.75099999999995,-121.67225,-4.067,37.29725,158.264
H1b2,521.0,45.0,34.163333333333334,27.829735923027627,-38.732,19.073,29.524,53.93,133.847
H1b2,591.0,23.0,87.18639130434782,41.84487398251605,-7.026,60.9675,96.90799999999999,117.0915,140.80200000000005
H1b2,729.0,23.0,31.8425652173913,98.66229046961894,-150.616,-59.16850000000001,29.406,105.4235,163.249
H1b2,932.0,9.0,6.1771111111111106,115.28987622883942,-156.696,-92.10700000000001,22.139,69.127,152.607
H1b3,379.0,44.0,11.554954545454544,34.45849554541956,-110.273,-1.7369999999999999,16.334,33.3695,65.819
H1b3,390.0,44.0,5.8065,43.45859797260131,-152.812,-7.206500000000001,7.4595,23.02575,162.997
H1b3,399.0,45.0,19.174266666666668,18.737145138127975,-11.3,6.058,19.097,28.205,69.113
H1b3,486.0,39.0,17.919666666666675,88.4346226132864,-163.855,-44.7565,29.166,89.6585,162.86700000000005
H1b3,510.0,45.0,-52.6006,39.78347801789079,-110.78399999999999,-79.6,-67.982,-20.088,39.13800000000001
H1b3,514.0,27.0,18.685,96.40848266460948,-144.035,-63.840999999999994,38.436,111.90899999999999,156.216
H1b3,521.0,45.0,-0.24244444444444374,40.10958866969998,-63.303999999999995,-31.316,-7.386,39.14,76.612
H1b3,591.0,5.0,21.82360000000001,173.04141128440904,-161.548,-146.998,35.583,181.30900000000003,200.77200000000002
H1b3,729.0,38.0,-64.53863157894736,82.84486711641388,-158.63299999999995,-118.33025,-95.15549999999999,-32.011750000000006,165.115
H1b3,932.0,7.0,-50.59514285714287,121.79747709405228,-154.236,-140.34449999999998,-81.281,-0.7055000000000149,163.451
H1b4,379.0,44.0,1.7792045454545458,57.531788116144185,-149.651,-20.52975,4.223,43.06925,136.13299999999998
H1b4,390.0,45.0,-7.6581777777777775,31.67337629209119,-54.093999999999994,-28.956,-12.383,8.917,87.676
H1b4,399.0,45.0,9.914155555555556,26.566514740411947,-32.551,-7.813,2.0869999999999997,25.842,113.499
H1b4,486.0,42.0,-17.90883333333333,101.58145432857383,-167.101,-97.36800000000001,-31.027500000000003,44.1215,161.412
H1b4,510.0,45.0,-3.426822222222222,97.92618366501857,-165.045,-97.463,-10.384,64.608,154.04
H1b4,514.0,15.0,10.916466666666668,88.83062312454663,-131.447,-55.637,7.5779999999999985,87.358,141.71
H1b4,521.0,45.0,45.023066666666665,28.58129463271071,-46.765,31.93,49.068999999999996,61.815,101.645
H1b4,591.0,2.0,-84.345,31.907486394261777,-106.90700000000001,-95.626,-84.345,-73.064,-61.783
H1b4,729.0,9.0,22.94233333333334,115.64379226097701,-138.545,-62.413000000000004,-5.886,138.811,149.52200000000005
H1b4,932.0,5.0,50.6736,102.95712019476848,-85.736,-7.0420000000000025,44.88,135.722,165.544
H2a1,379.0,45.0,32.385222222222225,28.28926648595066,-28.061,13.162,31.603,45.869,137.735
H2a1,390.0,45.0,-2.514244444444446,32.0016678103413,-80.73100000000002,-20.117,0.371,23.115,43.522
H2a1,399.0,45.0,38.326,30.230416276868024,-127.86200000000001,31.795,42.17100000000001,51.208999999999996,93.15899999999999
H2a1,486.0,36.0,10.294250000000002,100.78295164003964,-156.174,-74.03325,21.9725,97.15425000000002,145.945
H2a1,510.0,45.0,-24.58671111111111,55.595891450399876,-95.59200000000001,-65.34,-45.823,2.81,123.542
H2a1,514.0,16.0,4.1021250000000045,100.60741174875405,-160.85399999999996,-80.283,30.911499999999997,72.76875,138.702
H2a1,521.0,45.0,37.15988888888889,39.09822495344387,-120.09100000000001,18.605,37.431,60.788999999999994,133.266
H2a1,591.0,15.0,-165.68406666666667,147.96821353176145,-463.219,-279.6405,-93.383,-50.7155,-16.539
H2a1,729.0,22.0,21.238954545454547,100.1363007688246,-166.665,-61.931749999999994,31.494999999999997,98.59549999999999,152.138
H2a1,932.0,8.0,-35.00662499999999,85.89313676047448,-153.517,-98.97975,-27.0605,36.76475,63.395
H2a2,379.0,42.0,19.529857142857143,30.80291104755335,-51.358000000000004,-0.8557499999999998,16.3795,37.284499999999994,85.19200000000002
H2a2,390.0,29.0,6.069000000000007,103.12435875748687,-161.05,-62.395,-1.767,88.681,163.925
H2a2,399.0,45.0,53.459133333333334,21.297555588078005,10.845999999999998,38.927,53.354,65.226,109.26899999999999
H2a2,486.0,40.0,9.864549999999998,99.95682803012305,-162.797,-60.506,16.477,91.5645,167.34099999999995
H2a2,510.0,45.0,-46.51215555555556,60.021001680834246,-155.83,-91.13600000000001,-68.95,-5.82,77.395
H2a2,514.0,34.0,18.620529411764707,101.85418290044494,-152.282,-63.917249999999996,36.8255,96.97049999999999,164.865
H2a2,521.0,45.0,49.704222222222214,43.799160939394135,-145.423,37.461,45.44600000000001,62.048,140.52
H2a2,591.0,25.0,-73.0696,98.81138248240096,-247.752,-131.166,-93.26,0.57,111.865
H2a2,729.0,8.0,-13.850250000000003,89.09512938226678,-107.208,-83.231,-37.99050000000001,40.8915,133.549
H2a2,932.0,6.0,-33.844500000000004,99.8685781449801,-111.875,-90.78675,-61.411500000000004,-37.087500000000006,161.189
H2a3,379.0,45.0,63.937377777777776,32.32487927298617,9.017000000000001,44.226000000000006,63.419,80.462,142.33
H2a3,390.0,45.0,20.056733333333334,26.079774479121138,-27.436999999999998,0.17300000000000001,21.27,36.488,89.686
H2a3,399.0,45.0,55.29428888888888,22.51519953338817,9.841000000000001,39.506,53.653999999999996,70.80199999999998,127.70700000000001
H2a3,486.0,40.0,-21.628199999999996,103.13146590196018,-167.04,-116.04350000000001,-32.684,64.37925,157.885
H2a3,510.0,45.0,25.313977777777776,50.21170993154381,-64.355,-17.797,37.641999999999996,69.294,101.06
H2a3,514.0,7.0,29.50742857142857,90.0230663642327,-67.26100000000001,-64.5735,76.09100000000002,100.832,125.205
H2a3,521.0,43.0,38.23481395348837,54.31422462953346,-158.5,26.896,43.922,61.450500000000005,160.977
H2a3,591.0,19.0,14.279105263157895,71.90656007231014,-104.669,-27.48,-2.046,54.777,154.34
H2a3,729.0,6.0,68.42283333333333,84.34933003745,-79.449,39.0975,107.73400000000001,110.375,147.04399999999995
H2a3,932.0,4.0,-24.519750000000002,127.32019182458845,-137.235,-132.4185,-31.89999999999999,75.99875,102.956
H2a4,379.0,45.0,13.441333333333334,21.833592718561,-24.394000000000002,-1.232,9.758,29.148000000000003,62.869
H2a4,390.0,44.0,-4.886477272727273,32.320006882114626,-160.809,-18.0965,-7.9745,8.961500000000001,60.12600000000001
H2a4,399.0,45.0,49.49646666666666,17.144383238197335,10.111,36.914,55.863,60.871,82.73299999999998
H2a4,486.0,44.0,21.454159090909087,56.54796513434031,-157.56,-3.2465,31.8505,60.151250000000005,113.035
H2a4,510.0,45.0,-3.131155555555556,16.887894599327055,-60.425,-14.038,-2.145,8.863,36.221
H2a4,514.0,30.0,11.7693,98.52661721870933,-166.8,-80.35325,24.772000000000002,87.27475,154.662
H2a4,521.0,45.0,48.44233333333334,28.90908764165219,-1.621,27.003,41.123999999999995,65.523,128.757
H2a4,591.0,9.0,8.770666666666664,76.43759087157314,-91.382,-77.801,40.738,55.357,113.522
H2a4,729.0,20.0,31.403249999999993,91.43912450648878,-152.39700000000005,-49.89475,55.697,94.21849999999999,160.84799999999996
H2a4,932.0,6.0,13.781666666666666,77.90274967847198,-77.155,-51.873000000000005,19.827999999999996,63.782000000000004,117.529
H2b1,379.0,43.0,14.699302325581394,51.65988659194034,-49.367,-16.163,2.765,27.966,166.64
H2b1,390.0,44.0,49.4805909090909,36.98872601106688,-125.45299999999999,35.8745,57.315,66.05425,102.914
H2b1,399.0,45.0,7.866533333333336,37.36154722718388,-43.335,-11.09,4.029,12.71,163.507
H2b1,486.0,36.0,17.553027777777782,96.54701583358563,-158.907,-80.41050000000001,10.713999999999999,99.84925,167.18599999999995
H2b1,510.0,45.0,38.18282222222222,38.59495324773628,-34.428000000000004,11.2,38.269,69.33,157.309
H2b1,514.0,6.0,-28.301499999999994,107.70060020770543,-166.072,-108.7665,-19.659499999999998,37.855999999999995,117.023
H2b1,521.0,44.0,111.25950000000002,20.531761462851687,27.932,105.96475000000001,113.555,123.8295,144.498
H2b1,591.0,15.0,48.7198,139.89063385996528,-312.219,14.694,95.71,136.1935,226.092
H2b1,729.0,14.0,-19.754571428571428,111.33376788165069,-164.02599999999995,-116.38725,-40.1565,73.8165,153.415
H2b1,932.0,4.0,-6.359000000000009,116.11677039084404,-101.065,-95.704,-34.579499999999996,54.765499999999996,144.78799999999995
H2b2,379.0,45.0,43.72093333333333,39.54263587422844,-81.604,26.134,46.961999999999996,72.755,137.04399999999998
H2b2,390.0,45.0,-6.1616,46.926504336520246,-123.755,-22.244,2.949,33.407,59.413000000000004
H2b2,399.0,45.0,45.777777777777786,15.429459427414246,18.409000000000002,33.464,44.93899999999999,56.162,77.808
H2b2,486.0,26.0,25.714576923076923,97.90021668869709,-161.343,-62.42274999999999,34.783500000000004,102.84625,165.294
H2b2,510.0,45.0,-11.351177777777778,41.054992646941294,-93.184,-51.41,-4.6160000000000005,22.136999999999997,48.028
H2b2,514.0,19.0,24.567421052631573,95.51317759771614,-124.796,-62.66199999999999,72.565,102.225,150.047
H2b2,521.0,43.0,12.00432558139535,80.6777601693248,-162.44899999999996,-16.2715,28.651,62.836000000000006,128.502
H2b2,591.0,19.0,117.2131052631579,99.38485762255219,-216.852,101.6995,133.144,155.76049999999998,243.89700000000002
H2b2,729.0,7.0,38.122571428571426,103.93957525546135,-140.916,-21.607,72.148,118.4345,141.971
H2b2,932.0,5.0,54.227599999999995,116.92914591666185,-117.087,-14.423,107.101,134.912,160.635
H2b3,379.0,45.0,1.5425555555555548,42.849586536435034,-97.185,-22.964000000000002,-2.747,16.88,147.945
H2b3,390.0,26.0,42.11407692307692,94.56743048594397,-146.597,-30.014749999999996,49.748000000000005,120.17025,167.377
H2b3,399.0,45.0,28.27966666666667,23.21089048368146,-18.852,9.43,28.163,45.411,68.78
H2b3,486.0,38.0,18.770605263157893,90.79984298817818,-161.519,-55.712999999999994,19.6195,83.083,156.878
H2b3,510.0,45.0,-44.58977777777778,33.41183222975799,-96.16,-69.525,-54.193999999999996,-22.833000000000002,48.526
H2b3,514.0,43.0,77.59332558139535,60.804331053729,-150.53799999999995,66.833,93.286,110.649,156.859
H2b3,521.0,45.0,29.84006666666667,38.210855653739415,-160.024,20.339000000000002,40.12,51.94,72.39699999999998
H2b3,591.0,5.0,28.27820000000001,159.64865726243988,-197.00599999999997,-80.933,108.068,140.35299999999998,170.90900000000005
H2b3,729.0,29.0,32.23010344827587,90.10308840724956,-147.993,-42.9,46.526,117.085,153.334
H2b3,932.0,6.0,-50.381499999999996,97.38408263520276,-157.048,-114.9395,-61.2225,-17.314,112.727
H2b4,379.0,45.0,41.60517777777779,38.66389044543717,-41.763999999999996,17.879,44.743,70.66,118.50200000000001
H2b4,390.0,45.0,1.5208444444444442,25.064912402106106,-106.08,-10.083,2.287,13.078,61.558
H2b4,399.0,45.0,30.87366666666667,26.239484024340808,-18.125,8.283,31.636999999999997,43.69,103.51100000000001
H2b4,486.0,45.0,-45.65073333333334,73.38163093761024,-167.36900000000003,-95.84100000000001,-45.644,-14.195,143.131
H2b4,510.0,45.0,-71.52973333333335,51.33755788335936,-140.451,-104.602,-85.381,-53.795,88.303
H2b4,514.0,13.0,28.25215384615385,90.00808333315233,-111.34700000000001,-28.128,32.211999999999996,102.874,167.58900000000003
H2b4,521.0,45.0,26.94771111111111,31.796855809127806,-53.725,14.812000000000001,28.831999999999997,45.94300000000001,95.869
H2b4,591.0,9.0,31.885333333333328,100.59554153142176,-126.413,-49.631,75.624,108.134,132.34799999999998
H2b4,729.0,14.0,-0.11649999999999798,115.44207631518735,-161.178,-114.25274999999999,0.12750000000000017,104.21825000000001,153.55700000000004
H2b4,932.0,9.0,52.050999999999995,38.24548830581197,-10.735999999999999,27.701999999999998,49.512,72.377,113.969
P1H1a1,379.0,8.0,-271.83725,108.18157751900274,-427.94,-348.128,-280.6455,-166.74275,-138.998
P1H1a1,390.0,8.0,-289.2835,68.47530948555735,-356.57300000000015,-317.178,-299.674,-288.0555,-132.19899999999998
P1H1a1,399.0,8.0,-311.142375,61.0484257336221,-403.99300000000005,-339.9000000000001,-322.8655,-282.02925000000005,-197.24400000000003
P1H1a1,486.0,8.0,-376.47362499999997,166.04345701475478,-644.595,-423.0290000000001,-376.0865,-318.08299999999997,-148.373
P1H1a1,510.0,7.0,-293.5165714285714,32.552270770035605,-353.526,-302.64549999999997,-296.945,-273.025,-252.804
P1H1a1,514.0,6.0,-351.032,46.291178209244144,-412.279,-387.16775,-341.096,-315.02525,-302.861
P1H1a1,521.0,8.0,-289.48575,81.53458652577183,-376.06800000000004,-346.68274999999994,-300.223,-260.7005,-132.22299999999998
P1H1a1,591.0,0.0,,,,,,,
P1H1a1,729.0,9.0,-324.0212222222222,310.1224693515361,-730.057,-413.63599999999997,-370.517,-333.028,426.55
P1H1a1,932.0,7.0,-339.8021428571429,119.26009902929057,-426.39599999999996,-406.66600000000005,-382.32300000000004,-337.5005,-81.563
P2H1a2,379.0,12.0,-145.05024999999998,26.937134595285844,-217.016,-149.81074999999998,-140.493,-127.335,-121.146
P2H1a2,390.0,15.0,-178.92373333333336,85.56922560081871,-259.68,-233.0065,-187.795,-170.54500000000002,94.47399999999999
P2H1a2,399.0,15.0,-142.2232,36.191903353019256,-190.882,-163.034,-152.828,-130.49200000000002,-54.538000000000004
P2H1a2,486.0,15.0,-217.8176,67.75848083956512,-283.123,-262.346,-238.14,-192.454,-5.352
P2H1a2,510.0,15.0,-187.11666666666667,81.87691380591329,-277.858,-230.443,-203.297,-176.3245,67.33800000000001
P2H1a2,514.0,0.0,,,,,,,
P2H1a2,521.0,14.0,-163.42342857142856,28.29797928288352,-220.22099999999998,-174.6005,-163.34449999999998,-146.58274999999998,-122.53
P2H1a2,591.0,11.0,-215.27727272727267,53.42679657829188,-322.128,-249.428,-192.736,-171.3265,-163.373
P2H1a2,729.0,15.0,-219.99119999999996,42.81326031433319,-280.16700000000003,-253.321,-216.364,-185.59199999999998,-159.151
P2H1a2,932.0,0.0,,,,,,,
P3H1b1,379.0,8.0,15.474250000000001,23.43826002653415,-13.404000000000002,1.7950000000000004,13.727,25.8585,51.972
P3H1b1,390.0,8.0,-37.674625,16.9473197117041,-67.869,-44.01325,-40.650499999999994,-22.351249999999997,-18.355
P3H1b1,399.0,8.0,16.956125,47.16332482656866,-40.711999999999996,-19.8975,14.663,45.7695,97.139
P3H1b1,486.0,8.0,35.316125,103.4457369120055,-93.494,-64.72149999999999,59.3585,96.261,187.75599999999997
P3H1b1,510.0,8.0,27.073374999999995,83.64869800017809,-93.78200000000001,-50.26624999999999,51.019000000000005,88.29275,134.539
P3H1b1,514.0,7.0,38.88785714285715,99.89567192564546,-16.507,-5.613,7.4060000000000015,14.5595,263.423
P3H1b1,521.0,4.0,-102.53600000000002,113.91924531585228,-213.18400000000003,-186.07600000000002,-115.856,-32.316,34.751999999999995
P3H1b1,591.0,7.0,138.04814285714286,54.16476888602212,39.055,120.6085,143.888,171.218,199.74099999999999
P3H1b1,729.0,8.0,5.144875,40.3449367275941,-76.818,-11.552000000000001,19.1355,31.67525,47.739
P3H1b1,932.0,7.0,10.104142857142856,95.4946864864368,-140.852,-31.484,-4.2810000000000015,64.91300000000001,149.004
P4H1b2,379.0,14.0,-15.06507142857143,111.85271847765104,-314.019,-41.551249999999996,-25.73,24.1195,201.303
P4H1b2,390.0,15.0,15.482866666666666,67.6843990062562,-69.096,-26.811,7.057,41.73950000000001,206.084
P4H1b2,399.0,15.0,26.77313333333333,43.038661934635115,-43.285,-3.8565,28.25,58.2855,102.911
P4H1b2,486.0,15.0,-69.94713333333333,96.8763347925493,-163.782,-139.10700000000003,-82.71700000000001,-46.783500000000004,186.86700000000002
P4H1b2,510.0,15.0,-6.784066666666664,93.79497309821694,-91.405,-54.4145,-42.786,10.826500000000001,278.475
P4H1b2,514.0,13.0,7.979076923076927,71.25111461638284,-74.75399999999998,-22.296,-7.075,4.678,212.717
P4H1b2,521.0,6.0,5.7123333333333335,20.863753973498316,-20.433,-11.556499999999998,11.676,16.750999999999998,32.213
P4H1b2,591.0,15.0,77.80826666666665,42.054267220999556,17.653,52.451,72.183,103.46,155.14
P4H1b2,729.0,14.0,10.659928571428571,41.327704390944284,-47.232,-21.005000000000003,12.216999999999999,21.458000000000006,114.602
P4H1b2,932.0,14.0,20.75735714285714,120.27238718496582,-135.546,-49.756,4.7835,55.83325,263.631
P5H1b3,379.0,22.0,-70.65172727272727,51.88750128258876,-193.86700000000002,-104.82425,-67.5365,-43.20825,27.461
P5H1b3,390.0,20.0,10.258,32.461174408822615,-34.47,-4.958499999999999,0.51,20.518250000000002,97.514
P5H1b3,399.0,23.0,36.84069565217391,37.68870156526872,-21.5,18.423000000000002,30.155,48.99250000000001,161.623
P5H1b3,486.0,23.0,-58.77799999999999,76.92890698442415,-169.739,-117.71699999999998,-61.765,-21.918,170.234
P5H1b3,510.0,23.0,-38.57943478260869,50.983592781337805,-204.673,-56.709500000000006,-37.965,-14.550999999999998,47.858000000000004
P5H1b3,514.0,14.0,39.070571428571434,140.77143635843737,-191.11,-84.3555,82.0915,156.89975,206.90900000000002
P5H1b3,521.0,22.0,56.679636363636355,71.76498048394824,-215.135,42.422,54.1165,89.251,175.225
P5H1b3,591.0,5.0,-40.2096,179.79126575643213,-194.386,-170.535,-147.675,146.378,165.17
P5H1b3,729.0,17.0,25.816705882352935,159.38676128829078,-210.954,-171.37900000000005,85.22200000000002,148.58700000000005,223.763
P5H1b3,932.0,23.0,16.11717391304348,76.90195171104814,-169.91400000000004,-29.1845,27.47300000000001,84.5885,141.425
P6A1a2,379.0,20.0,-41.0827,65.03320919272909,-117.477,-81.82024999999999,-51.7335,-24.3955,182.321
P6A1a2,390.0,27.0,-43.52385185185186,66.24964841108662,-312.303,-56.8945,-37.958,-17.9175,64.848
P6A1a2,399.0,28.0,-22.40489285714286,37.32655362878965,-75.048,-45.8545,-32.4625,-5.5615,76.335
P6A1a2,486.0,28.0,-102.98978571428572,87.96707328791422,-200.43400000000003,-151.136,-122.7835,-68.93925,214.588
P6A1a2,510.0,28.0,-43.94457142857143,28.78577430482012,-77.94,-64.3765,-46.025999999999996,-36.68725,35.51
P6A1a2,514.0,21.0,-68.31928571428571,74.30122189449031,-244.967,-95.575,-83.839,-43.849,104.601
P6A1a2,521.0,28.0,-8.272607142857144,37.38045937666252,-67.923,-28.846999999999998,-16.388,4.8205,135.213
P6A1a2,591.0,25.0,-31.60724,27.32134020517051,-61.7,-45.669,-34.516999999999996,-24.468000000000004,81.347
P6A1a2,729.0,28.0,-14.033428571428571,66.06465714256814,-111.071,-47.02475,-32.8205,-7.672750000000001,195.68599999999998
P6A1a2,932.0,0.0,,,,,,,
P7A1b1,379.0,22.0,-19.158227272727274,92.34477126813914,-100.624,-76.87925,-53.835,-21.481,205.43099999999998
P7A1b1,390.0,21.0,5.052619047619042,117.51607000596819,-135.434,-39.434,-10.463,4.422,440.05199999999996
P7A1b1,399.0,21.0,-40.74947619047619,50.21944395014649,-181.338,-53.915,-27.275,-16.733,30.232
P7A1b1,486.0,21.0,-135.296,93.96214518677188,-341.715,-192.546,-120.65700000000001,-83.87,128.804
P7A1b1,510.0,21.0,-22.748,73.55647248882995,-117.551,-63.744,-42.403999999999996,-13.317,160.428
P7A1b1,514.0,22.0,-58.551636363636355,132.4761562918455,-288.7,-135.20675,-97.761,-6.3607499999999995,336.0540000000001
P7A1b1,521.0,22.0,-85.05486363636363,121.14504586230721,-619.202,-78.83775,-60.107,-45.58475,-21.39
P7A1b1,591.0,19.0,41.44452631578948,94.41768163347867,-50.208,-14.9165,11.915,42.991,295.193
P7A1b1,729.0,21.0,-45.59219047619048,58.4825470184217,-136.286,-78.86,-51.231,4.5280000000000005,90.48
P7A1b1,932.0,21.0,-28.797095238095235,83.67252273769734,-178.47400000000005,-78.09899999999998,-32.348,16.662,145.411
P8A2a1,379.0,19.0,-48.34078947368421,61.03023144728171,-123.277,-95.47800000000001,-57.474,-22.554,83.95700000000002
P8A2a1,390.0,18.0,-42.29927777777778,38.335675924200935,-90.47200000000001,-68.66825,-44.483000000000004,-25.287,77.863
P8A2a1,399.0,19.0,-23.72878947368421,85.79598493751126,-120.094,-81.467,-44.18,-6.123,229.382
P8A2a1,486.0,19.0,-5.237526315789473,98.3722874635876,-186.611,-66.466,-17.777,41.6765,202.67
P8A2a1,510.0,19.0,0.9175789473684229,89.41591826919843,-77.54899999999998,-57.9135,-39.25,26.160999999999998,277.283
P8A2a1,514.0,19.0,-104.16115789473686,70.71640844344651,-195.361,-139.36950000000002,-127.11200000000001,-91.13799999999999,83.765
P8A2a1,521.0,19.0,-11.451157894736848,67.35980550105789,-94.584,-65.53800000000001,-17.166,7.0275,151.09799999999996
P8A2a1,591.0,19.0,-40.769052631578944,30.878453644848797,-96.895,-60.510000000000005,-41.812,-15.322,9.001
P8A2a1,729.0,19.0,-31.754,86.4723958446342,-128.586,-69.02699999999999,-37.359,-22.9565,302.02299999999997
P8A2a1,932.0,19.0,-54.99336842105262,53.79351699498796,-140.666,-94.889,-70.881,-13.5725,89.83200000000002
