,Asynchrony,Tap Onset,Test,True Onset,User ID,Sanitized Tap Onset,Sanitized Asynchrony
0,-0.8490610000000001,2018-04-29 11:32:50.183816,A3b1,2018-04-29 11:32:51.032877,1286,2018-04-29 11:32:50.183816,-0.8490610000000001
1,-0.872047,2018-04-29 11:32:51.228948,A3b1,2018-04-29 11:32:52.100995,1286,2018-04-29 11:32:51.228948,-0.872047
2,-1.3671790000000001,2018-04-29 11:32:52.266333,A3b1,2018-04-29 11:32:53.633512,1286,2018-04-29 11:32:52.266333,-1.3671790000000001
3,-2.111841,2018-04-29 11:32:53.309607,A3b1,2018-04-29 11:32:55.421448,1286,2018-04-29 11:32:53.309607,-2.111841
4,-1.315442,2018-04-29 11:32:55.220564,A3b1,2018-04-29 11:32:56.536006,1286,2018-04-29 11:32:55.220564,-1.315442
5,-0.840955,2018-04-29 11:32:56.693509,A3b1,2018-04-29 11:32:57.534464,1286,2018-04-29 11:32:56.693509,-0.840955
6,-0.9283870000000001,2018-04-29 11:32:57.674195,A3b1,2018-04-29 11:32:58.602582,1286,2018-04-29 11:32:57.674195,-0.9283870000000001
7,-1.5118470000000002,2018-04-29 11:32:58.739352,A3b1,2018-04-29 11:33:00.251199,1286,2018-04-29 11:32:58.739352,-1.5118470000000002
8,-1.196928,2018-04-29 11:33:00.401028,A3b1,2018-04-29 11:33:01.597956,1286,2018-04-29 11:33:00.401028,-1.196928
9,-1.151054,2018-04-29 11:33:01.515020,A3b1,2018-04-29 11:33:02.666074,1286,2018-04-29 11:33:01.515020,-1.151054
10,-1.3876510000000002,2018-04-29 11:33:02.834160,A3b1,2018-04-29 11:33:04.221811,1286,2018-04-29 11:33:02.834160,-1.3876510000000002
11,-2.1650720000000003,2018-04-29 11:33:03.937555,A3b1,2018-04-29 11:33:06.102627,1286,2018-04-29 11:33:03.937555,-2.1650720000000003
12,-1.531128,2018-04-29 11:33:05.802157,A3b1,2018-04-29 11:33:07.333285,1286,2018-04-29 11:33:05.802157,-1.531128
13,-0.85757,2018-04-29 11:33:07.520613,A3b1,2018-04-29 11:33:08.378183,1286,2018-04-29 11:33:07.520613,-0.85757
14,-4.400501,2018-04-29 11:33:08.521075,A1b4,2018-04-29 11:33:12.921576,1286,2018-04-29 11:33:08.521075,-4.400501
15,-0.07329200000000001,2018-04-29 11:33:13.080483,A1b4,2018-04-29 11:33:13.153775,1286,2018-04-29 11:33:13.080483,-0.07329200000000001
16,0.06277,2018-04-29 11:33:13.425525,A1b4,2018-04-29 11:33:13.362755,1286,2018-04-29 11:33:13.425525,0.06277
17,0.264704,2018-04-29 11:33:13.766779,A1b4,2018-04-29 11:33:13.502075,1286,2018-04-29 11:33:13.425525,-0.07655
18,0.45481900000000003,2018-04-29 11:33:14.142653,A1b4,2018-04-29 11:33:13.687834,1286,2018-04-29 11:33:13.766779,0.078945
19,0.6719400000000001,2018-04-29 11:33:14.499094,A1b4,2018-04-29 11:33:13.827154,1286,2018-04-29 11:33:14.142653,0.31549900000000003
20,0.687253,2018-04-29 11:33:14.839486,A1b4,2018-04-29 11:33:14.152233,1286,2018-04-29 11:33:14.499094,0.34686100000000003
21,0.82543,2018-04-29 11:33:15.186643,A1b4,2018-04-29 11:33:14.361213,1286,2018-04-29 11:33:14.839486,0.478273
22,1.00109,2018-04-29 11:33:15.501623,A1b4,2018-04-29 11:33:14.500533,1286,2018-04-29 11:33:15.186643,0.68611
23,1.158137,2018-04-29 11:33:15.844429,A1b4,2018-04-29 11:33:14.686292,1286,2018-04-29 11:33:15.501623,0.815331
24,1.3668120000000001,2018-04-29 11:33:16.192424,A1b4,2018-04-29 11:33:14.825612,1286,2018-04-29 11:33:15.844429,1.018817
25,1.4771210000000001,2018-04-29 11:33:16.511713,A1b4,2018-04-29 11:33:15.034592,1286,2018-04-29 11:33:16.192424,1.157832
26,1.695629,2018-04-29 11:33:16.846320,A1b4,2018-04-29 11:33:15.150691,1286,2018-04-29 11:33:16.511713,1.3610220000000002
27,1.803476,2018-04-29 11:33:17.163147,A1b4,2018-04-29 11:33:15.359671,1286,2018-04-29 11:33:16.846320,1.486649
28,1.999052,2018-04-29 11:33:17.498043,A1b4,2018-04-29 11:33:15.498991,1286,2018-04-29 11:33:17.163147,1.6641560000000002
29,2.1421040000000002,2018-04-29 11:33:17.826854,A1b4,2018-04-29 11:33:15.684750,1286,2018-04-29 11:33:17.498043,1.813293
30,2.365389,2018-04-29 11:33:18.189459,A1b4,2018-04-29 11:33:15.824070,1286,2018-04-29 11:33:17.826854,2.002784
31,2.4856420000000004,2018-04-29 11:33:18.518692,A1b4,2018-04-29 11:33:16.033050,1286,2018-04-29 11:33:18.189459,2.156409
32,2.402526,2018-04-29 11:33:18.574895,A1b4,2018-04-29 11:33:16.172369,1286,2018-04-29 11:33:18.518692,2.346323
33,2.476935,2018-04-29 11:33:18.835064,A1b4,2018-04-29 11:33:16.358129,1286,2018-04-29 11:33:18.574895,2.2167660000000002
34,2.692238,2018-04-29 11:33:19.189687,A1b4,2018-04-29 11:33:16.497449,1286,2018-04-29 11:33:18.835064,2.337615
35,2.710948,2018-04-29 11:33:19.533476,A1b4,2018-04-29 11:33:16.822528,1286,2018-04-29 11:33:19.189687,2.367159
36,2.810854,2018-04-29 11:33:19.842362,A1b4,2018-04-29 11:33:17.031508,1286,2018-04-29 11:33:19.533476,2.501968
37,2.975321,2018-04-29 11:33:20.146148,A1b4,2018-04-29 11:33:17.170827,1286,2018-04-29 11:33:19.842362,2.671535
38,3.129493,2018-04-29 11:33:20.486080,A1b4,2018-04-29 11:33:17.356587,1286,2018-04-29 11:33:20.146148,2.789561
39,3.3434530000000002,2018-04-29 11:33:20.839360,A1b4,2018-04-29 11:33:17.495907,1286,2018-04-29 11:33:20.486080,2.990173
40,6.266426,2018-04-29 11:33:24.087412,A1b4,2018-04-29 11:33:17.820986,1286,2018-04-29 11:33:20.839360,3.018374
41,6.642053000000001,2018-04-29 11:33:24.672019,A1b4,2018-04-29 11:33:18.029966,1286,2018-04-29 11:33:24.087412,6.0574460000000006
42,6.935847000000001,2018-04-29 11:33:25.105133,A1b4,2018-04-29 11:33:18.169286,1286,2018-04-29 11:33:24.672019,6.502733
43,7.3134310000000005,2018-04-29 11:33:25.668476,A1b4,2018-04-29 11:33:18.355045,1286,2018-04-29 11:33:25.105133,6.750088000000001
44,8.068153,2018-04-29 11:33:26.562518,A1b4,2018-04-29 11:33:18.494365,1286,2018-04-29 11:33:25.668476,7.174111000000001
45,8.482839,2018-04-29 11:33:27.302283,A1b4,2018-04-29 11:33:18.819444,1286,2018-04-29 11:33:26.562518,7.743074000000001
46,8.73494,2018-04-29 11:33:27.763364,A1b4,2018-04-29 11:33:19.028424,1286,2018-04-29 11:33:27.302283,8.273859
47,9.160074,2018-04-29 11:33:28.327818,A1b4,2018-04-29 11:33:19.167744,1286,2018-04-29 11:33:27.763364,8.59562
48,9.604436,2018-04-29 11:33:28.957939,A1b4,2018-04-29 11:33:19.353503,1286,2018-04-29 11:33:28.327818,8.974315
49,10.350655000000001,2018-04-29 11:33:29.843478,A1b4,2018-04-29 11:33:19.492823,1286,2018-04-29 11:33:28.957939,9.465116
50,10.580047,2018-04-29 11:33:30.397949,A1b4,2018-04-29 11:33:19.817902,1286,2018-04-29 11:33:29.843478,10.025576000000001
51,10.860842,2018-04-29 11:33:30.887724,A1b4,2018-04-29 11:33:20.026882,1286,2018-04-29 11:33:30.397949,10.371067
52,11.776328000000001,2018-04-29 11:33:31.942530,A1b4,2018-04-29 11:33:20.166202,1286,2018-04-29 11:33:30.887724,10.721522
53,12.23895,2018-04-29 11:33:32.590911,A1b4,2018-04-29 11:33:20.351961,1286,2018-04-29 11:33:31.942530,11.590569
54,12.611817,2018-04-29 11:33:33.103098,A1b4,2018-04-29 11:33:20.491281,1286,2018-04-29 11:33:32.590911,12.099630000000001
55,16.186164,2018-04-29 11:33:36.886425,A1b4,2018-04-29 11:33:20.700261,1286,2018-04-29 11:33:33.103098,12.402837
56,13.651936000000001,2018-04-29 11:33:38.114115,A3b2,2018-04-29 11:33:24.462179,1286,2018-04-29 11:33:36.886425,12.424246
57,14.876924,2018-04-29 11:33:39.478422,A3b2,2018-04-29 11:33:24.601498,1286,2018-04-29 11:33:38.114115,13.512617
58,15.736555000000001,2018-04-29 11:33:40.802453,A3b2,2018-04-29 11:33:25.065898,1286,2018-04-29 11:33:39.478422,14.412524000000001
59,16.919039,2018-04-29 11:33:42.124256,A3b2,2018-04-29 11:33:25.205217,1286,2018-04-29 11:33:40.802453,15.597236
60,17.684615,2018-04-29 11:33:43.447111,A3b2,2018-04-29 11:33:25.762496,1286,2018-04-29 11:33:42.124256,16.36176
61,18.289828,2018-04-29 11:33:44.795363,A3b2,2018-04-29 11:33:26.505535,1286,2018-04-29 11:33:43.447111,16.941576
62,18.991600000000002,2018-04-29 11:33:46.124074,A3b2,2018-04-29 11:33:27.132474,1286,2018-04-29 11:33:44.795363,17.662889
63,19.60482,2018-04-29 11:33:47.294572,A3b2,2018-04-29 11:33:27.689752,1286,2018-04-29 11:33:46.124074,18.434322
64,20.813568,2018-04-29 11:33:48.642640,A3b2,2018-04-29 11:33:27.829072,1286,2018-04-29 11:33:47.294572,19.465500000000002
65,21.68083,2018-04-29 11:33:49.974301,A3b2,2018-04-29 11:33:28.293471,1286,2018-04-29 11:33:48.642640,20.349169
66,22.388061,2018-04-29 11:33:51.401351,A3b2,2018-04-29 11:33:29.013290,1286,2018-04-29 11:33:49.974301,20.961011000000003
67,21.770782,2018-04-29 11:33:51.457451,A3b2,2018-04-29 11:33:29.686669,1286,2018-04-29 11:33:51.401351,21.714682
68,22.919502,2018-04-29 11:33:52.745490,A3b2,2018-04-29 11:33:29.825988,1286,2018-04-29 11:33:51.457451,21.631463
69,23.807332000000002,2018-04-29 11:33:54.074499,A3b2,2018-04-29 11:33:30.267167,1286,2018-04-29 11:33:52.745490,22.478323000000003
70,24.395598000000003,2018-04-29 11:33:55.382584,A3b2,2018-04-29 11:33:30.986986,1286,2018-04-29 11:33:54.074499,23.087513
71,23.698927,2018-04-29 11:33:55.452172,A3b2,2018-04-29 11:33:31.753245,1286,2018-04-29 11:33:55.382584,23.629339
72,24.344002000000003,2018-04-29 11:33:56.724185,A3b2,2018-04-29 11:33:32.380183,1286,2018-04-29 11:33:55.452172,23.071989000000002
73,25.457224,2018-04-29 11:33:57.976727,A3b2,2018-04-29 11:33:32.519503,1286,2018-04-29 11:33:56.724185,24.204682000000002
74,26.288783000000002,2018-04-29 11:33:59.249465,A3b2,2018-04-29 11:33:32.960682,1286,2018-04-29 11:33:57.976727,25.016045000000002
75,22.625667,2018-04-29 11:34:00.585515,A2b1,2018-04-29 11:33:37.959848,1286,2018-04-29 11:33:59.249465,21.289617
76,22.65275,2018-04-29 11:34:01.959356,A2b1,2018-04-29 11:33:39.306606,1286,2018-04-29 11:34:00.585515,21.278909000000002
77,22.657538000000002,2018-04-29 11:34:03.287681,A2b1,2018-04-29 11:33:40.630143,1286,2018-04-29 11:34:01.959356,21.329213000000003
78,22.639586,2018-04-29 11:34:04.616487,A2b1,2018-04-29 11:33:41.976901,1286,2018-04-29 11:34:03.287681,21.31078
79,29.921767000000003,2018-04-29 11:34:13.222205,A2b1,2018-04-29 11:33:43.300438,1286,2018-04-29 11:34:04.616487,21.316049
80,29.221847,2018-04-29 11:34:13.845822,A2b1,2018-04-29 11:33:44.623975,1286,2018-04-29 11:34:13.222205,28.59823
81,28.51977,2018-04-29 11:34:14.490503,A2b1,2018-04-29 11:33:45.970733,1286,2018-04-29 11:34:13.845822,27.875089000000003
82,27.859184000000003,2018-04-29 11:34:15.153454,A2b1,2018-04-29 11:33:47.294270,1286,2018-04-29 11:34:14.490503,27.196233000000003
83,27.187363,2018-04-29 11:34:15.828391,A2b1,2018-04-29 11:33:48.641028,1286,2018-04-29 11:34:15.153454,26.512426
84,26.502306,2018-04-29 11:34:16.466871,A2b1,2018-04-29 11:33:49.964565,1286,2018-04-29 11:34:15.828391,25.863826000000003
85,25.844029000000003,2018-04-29 11:34:17.155351,A2b1,2018-04-29 11:33:51.311322,1286,2018-04-29 11:34:16.466871,25.155549
86,25.185481000000003,2018-04-29 11:34:17.820341,A2b1,2018-04-29 11:33:52.634860,1286,2018-04-29 11:34:17.155351,24.520491
87,24.504837000000002,2018-04-29 11:34:18.463234,A2b1,2018-04-29 11:33:53.958397,1286,2018-04-29 11:34:17.820341,23.861944
88,23.826711000000003,2018-04-29 11:34:19.131865,A2b1,2018-04-29 11:33:55.305154,1286,2018-04-29 11:34:18.463234,23.15808
89,23.122855,2018-04-29 11:34:19.751547,A2b1,2018-04-29 11:33:56.628692,1286,2018-04-29 11:34:19.131865,22.503173
90,22.447988000000002,2018-04-29 11:34:20.423437,A2b1,2018-04-29 11:33:57.975449,1286,2018-04-29 11:34:19.751547,21.776098
91,21.838846,2018-04-29 11:34:21.137833,A2b1,2018-04-29 11:33:59.298987,1286,2018-04-29 11:34:20.423437,21.124450000000003
92,21.180356,2018-04-29 11:34:21.802880,A2b1,2018-04-29 11:34:00.622524,1286,2018-04-29 11:34:21.137833,20.515309000000002
93,20.508317,2018-04-29 11:34:22.477598,A2b1,2018-04-29 11:34:01.969281,1286,2018-04-29 11:34:21.802880,19.833599
94,19.873651000000002,2018-04-29 11:34:23.166470,A2b1,2018-04-29 11:34:03.292819,1286,2018-04-29 11:34:22.477598,19.184779000000002
95,19.11516,2018-04-29 11:34:23.754736,A2b1,2018-04-29 11:34:04.639576,1286,2018-04-29 11:34:23.166470,18.526894000000002
96,11.952627000000001,2018-04-29 11:34:24.396099,A1b2,2018-04-29 11:34:12.443472,1286,2018-04-29 11:34:23.754736,11.311264000000001
97,12.013849,2018-04-29 11:34:25.107479,A1b2,2018-04-29 11:34:13.093630,1286,2018-04-29 11:34:24.396099,11.302469
98,12.037153,2018-04-29 11:34:25.804162,A1b2,2018-04-29 11:34:13.767009,1286,2018-04-29 11:34:25.107479,11.34047
99,12.040481000000002,2018-04-29 11:34:26.480869,A1b2,2018-04-29 11:34:14.440388,1286,2018-04-29 11:34:25.804162,11.363774000000001
100,12.039041000000001,2018-04-29 11:34:27.129587,A1b2,2018-04-29 11:34:15.090546,1286,2018-04-29 11:34:26.480869,11.390323
101,11.996276,2018-04-29 11:34:27.760201,A1b2,2018-04-29 11:34:15.763925,1286,2018-04-29 11:34:27.129587,11.365662
102,14.711451,2018-04-29 11:34:31.148755,A1b2,2018-04-29 11:34:16.437304,1286,2018-04-29 11:34:27.760201,11.322897000000001
103,14.350313000000002,2018-04-29 11:34:31.460996,A1b2,2018-04-29 11:34:17.110683,1286,2018-04-29 11:34:31.148755,14.038072000000001
104,13.98483,2018-04-29 11:34:31.745671,A1b2,2018-04-29 11:34:17.760841,1286,2018-04-29 11:34:31.460996,13.700155
105,13.660223,2018-04-29 11:34:32.094443,A1b2,2018-04-29 11:34:18.434220,1286,2018-04-29 11:34:31.745671,13.311451000000002
106,13.421101,2018-04-29 11:34:32.528700,A1b2,2018-04-29 11:34:19.107599,1286,2018-04-29 11:34:32.094443,12.986844000000001
107,13.21794,2018-04-29 11:34:32.975697,A1b2,2018-04-29 11:34:19.757757,1286,2018-04-29 11:34:32.528700,12.770943
108,13.520193,2018-04-29 11:34:33.440490,A1b2,2018-04-29 11:34:19.920297,1286,2018-04-29 11:34:32.975697,13.0554
109,13.424619000000002,2018-04-29 11:34:33.855755,A1b2,2018-04-29 11:34:20.431136,1286,2018-04-29 11:34:33.440490,13.009354
110,13.217377,2018-04-29 11:34:34.321892,A1b2,2018-04-29 11:34:21.104515,1286,2018-04-29 11:34:33.855755,12.751240000000001
111,12.979604,2018-04-29 11:34:34.757497,A1b2,2018-04-29 11:34:21.777893,1286,2018-04-29 11:34:34.321892,12.543999000000001
112,12.765011000000001,2018-04-29 11:34:35.193063,A1b2,2018-04-29 11:34:22.428052,1286,2018-04-29 11:34:34.757497,12.329445000000002
113,12.516146,2018-04-29 11:34:35.617577,A1b2,2018-04-29 11:34:23.101431,1286,2018-04-29 11:34:35.193063,12.091632
114,12.325988,2018-04-29 11:34:36.100798,A1b2,2018-04-29 11:34:23.774810,1286,2018-04-29 11:34:35.617577,11.842767
115,12.109193000000001,2018-04-29 11:34:36.534161,A1b2,2018-04-29 11:34:24.424968,1286,2018-04-29 11:34:36.100798,11.675830000000001
116,12.399830000000001,2018-04-29 11:34:36.987338,A1b2,2018-04-29 11:34:24.587508,1286,2018-04-29 11:34:36.534161,11.946653000000001
117,12.378173,2018-04-29 11:34:37.476520,A1b2,2018-04-29 11:34:25.098347,1286,2018-04-29 11:34:36.987338,11.888991
118,12.119484,2018-04-29 11:34:37.891210,A1b2,2018-04-29 11:34:25.771726,1286,2018-04-29 11:34:37.476520,11.704794000000001
119,11.890828,2018-04-29 11:34:38.335932,A1b2,2018-04-29 11:34:26.445104,1286,2018-04-29 11:34:37.891210,11.446106
120,11.659577,2018-04-29 11:34:38.754840,A1b2,2018-04-29 11:34:27.095263,1286,2018-04-29 11:34:38.335932,11.240669
121,7.923835,2018-04-29 11:34:39.141829,A2b3,2018-04-29 11:34:31.217994,1286,2018-04-29 11:34:38.754840,7.536846000000001
122,7.962991000000001,2018-04-29 11:34:39.622164,A2b3,2018-04-29 11:34:31.659173,1286,2018-04-29 11:34:39.141829,7.482656
123,7.661825,2018-04-29 11:34:39.762177,A2b3,2018-04-29 11:34:32.100352,1286,2018-04-29 11:34:39.622164,7.521812000000001
124,7.564519000000001,2018-04-29 11:34:40.106051,A2b3,2018-04-29 11:34:32.541532,1286,2018-04-29 11:34:39.762177,7.220645
125,11.87687,2018-04-29 11:34:44.882801,A2b3,2018-04-29 11:34:33.005931,1286,2018-04-29 11:34:40.106051,7.10012
126,12.034687,2018-04-29 11:34:45.481797,A2b3,2018-04-29 11:34:33.447110,1286,2018-04-29 11:34:44.882801,11.435691
127,12.148773,2018-04-29 11:34:46.037062,A2b3,2018-04-29 11:34:33.888289,1286,2018-04-29 11:34:45.481797,11.593508
128,12.338686000000001,2018-04-29 11:34:46.668154,A2b3,2018-04-29 11:34:34.329468,1286,2018-04-29 11:34:46.037062,11.707594
129,12.553639,2018-04-29 11:34:47.324286,A2b3,2018-04-29 11:34:34.770647,1286,2018-04-29 11:34:46.668154,11.897507000000001
130,12.746048,2018-04-29 11:34:47.957874,A2b3,2018-04-29 11:34:35.211826,1286,2018-04-29 11:34:47.324286,12.11246
131,12.943373000000001,2018-04-29 11:34:48.596378,A2b3,2018-04-29 11:34:35.653005,1286,2018-04-29 11:34:47.957874,12.304869
132,13.199691000000001,2018-04-29 11:34:49.317096,A2b3,2018-04-29 11:34:36.117405,1286,2018-04-29 11:34:48.596378,12.478973000000002
133,13.419973,2018-04-29 11:34:49.978557,A2b3,2018-04-29 11:34:36.558584,1286,2018-04-29 11:34:49.317096,12.758512000000001
134,13.601655000000001,2018-04-29 11:34:50.601418,A2b3,2018-04-29 11:34:36.999763,1286,2018-04-29 11:34:49.978557,12.978794
135,13.860779,2018-04-29 11:34:51.301721,A2b3,2018-04-29 11:34:37.440942,1286,2018-04-29 11:34:50.601418,13.160476000000001
136,14.079401,2018-04-29 11:34:51.961522,A2b3,2018-04-29 11:34:37.882121,1286,2018-04-29 11:34:51.301721,13.4196
137,14.274509,2018-04-29 11:34:52.597809,A2b3,2018-04-29 11:34:38.323300,1286,2018-04-29 11:34:51.961522,13.638222
138,14.541844000000001,2018-04-29 11:34:53.306323,A2b3,2018-04-29 11:34:38.764479,1286,2018-04-29 11:34:52.597809,13.83333
139,14.770180000000002,2018-04-29 11:34:53.999058,A2b3,2018-04-29 11:34:39.228878,1286,2018-04-29 11:34:53.306323,14.077445
140,14.991231,2018-04-29 11:34:54.661289,A2b3,2018-04-29 11:34:39.670058,1286,2018-04-29 11:34:53.999058,14.329
141,15.212569,2018-04-29 11:34:55.323806,A2b3,2018-04-29 11:34:40.111237,1286,2018-04-29 11:34:54.661289,14.550052
142,10.621888,2018-04-29 11:34:55.947158,A1a2,2018-04-29 11:34:45.325270,1286,2018-04-29 11:34:55.323806,9.998536000000001
143,10.632125,2018-04-29 11:34:56.630773,A1a2,2018-04-29 11:34:45.998648,1286,2018-04-29 11:34:55.947158,9.94851
144,10.630666000000002,2018-04-29 11:34:57.302693,A1a2,2018-04-29 11:34:46.672027,1286,2018-04-29 11:34:56.630773,9.958746000000001
145,10.662778000000001,2018-04-29 11:34:57.984964,A1a2,2018-04-29 11:34:47.322186,1286,2018-04-29 11:34:57.302693,9.980507000000001
146,10.620594,2018-04-29 11:34:58.616158,A1a2,2018-04-29 11:34:47.995564,1286,2018-04-29 11:34:57.984964,9.9894
147,10.631839000000001,2018-04-29 11:34:59.300782,A1a2,2018-04-29 11:34:48.668943,1286,2018-04-29 11:34:58.616158,9.947215
148,10.656170000000001,2018-04-29 11:34:59.998492,A1a2,2018-04-29 11:34:49.342322,1286,2018-04-29 11:34:59.300782,9.95846
149,10.657789000000001,2018-04-29 11:35:00.650270,A1a2,2018-04-29 11:34:49.992481,1286,2018-04-29 11:34:59.998492,10.006011
150,10.598659000000001,2018-04-29 11:35:01.264518,A1a2,2018-04-29 11:34:50.665859,1286,2018-04-29 11:35:00.650270,9.984411000000001
151,10.599524,2018-04-29 11:35:01.938762,A1a2,2018-04-29 11:34:51.339238,1286,2018-04-29 11:35:01.264518,9.92528
152,10.656055,2018-04-29 11:35:02.645452,A1a2,2018-04-29 11:34:51.989397,1286,2018-04-29 11:35:01.938762,9.949365
153,10.655842,2018-04-29 11:35:03.318617,A1a2,2018-04-29 11:34:52.662775,1286,2018-04-29 11:35:02.645452,9.982677
154,10.636523,2018-04-29 11:35:03.972677,A1a2,2018-04-29 11:34:53.336154,1286,2018-04-29 11:35:03.318617,9.982463000000001
155,10.644967000000001,2018-04-29 11:35:04.654500,A1a2,2018-04-29 11:34:54.009533,1286,2018-04-29 11:35:03.972677,9.963144
156,13.440822,2018-04-29 11:35:08.100513,A1a2,2018-04-29 11:34:54.659691,1286,2018-04-29 11:35:04.654500,9.994809
157,13.074057000000002,2018-04-29 11:35:08.407127,A1a2,2018-04-29 11:34:55.333070,1286,2018-04-29 11:35:08.100513,12.767443
158,12.655776000000001,2018-04-29 11:35:08.662225,A1a2,2018-04-29 11:34:56.006449,1286,2018-04-29 11:35:08.407127,12.400678000000001
159,12.286605000000002,2018-04-29 11:35:08.943213,A1a2,2018-04-29 11:34:56.656608,1286,2018-04-29 11:35:08.662225,12.005617
160,11.890363,2018-04-29 11:35:09.220349,A1a2,2018-04-29 11:34:57.329986,1286,2018-04-29 11:35:08.943213,11.613227
161,11.541335,2018-04-29 11:35:09.544700,A1a2,2018-04-29 11:34:58.003365,1286,2018-04-29 11:35:09.220349,11.216984
162,11.160276000000001,2018-04-29 11:35:09.837020,A1a2,2018-04-29 11:34:58.676744,1286,2018-04-29 11:35:09.544700,10.867956000000001
163,10.821341,2018-04-29 11:35:10.148243,A1a2,2018-04-29 11:34:59.326902,1286,2018-04-29 11:35:09.837020,10.510118
164,10.467886,2018-04-29 11:35:10.468167,A1a2,2018-04-29 11:35:00.000281,1286,2018-04-29 11:35:10.148243,10.147962000000001
165,10.146700000000001,2018-04-29 11:35:10.820360,A1a2,2018-04-29 11:35:00.673660,1286,2018-04-29 11:35:10.468167,9.794507000000001
166,9.831517,2018-04-29 11:35:11.155335,A1a2,2018-04-29 11:35:01.323818,1286,2018-04-29 11:35:10.820360,9.496542
167,9.490391,2018-04-29 11:35:11.487588,A1a2,2018-04-29 11:35:01.997197,1286,2018-04-29 11:35:11.155335,9.158138000000001
168,9.183332,2018-04-29 11:35:11.853908,A1a2,2018-04-29 11:35:02.670576,1286,2018-04-29 11:35:11.487588,8.817012
169,8.87773,2018-04-29 11:35:12.221684,A1a2,2018-04-29 11:35:03.343954,1286,2018-04-29 11:35:11.853908,8.509954
170,8.558508,2018-04-29 11:35:12.552621,A1a2,2018-04-29 11:35:03.994113,1286,2018-04-29 11:35:12.221684,8.227571000000001
171,8.227668000000001,2018-04-29 11:35:12.895160,A1a2,2018-04-29 11:35:04.667492,1286,2018-04-29 11:35:12.552621,7.885129
172,4.981027,2018-04-29 11:35:13.233727,A4b4,2018-04-29 11:35:08.252700,1286,2018-04-29 11:35:12.895160,4.642460000000001
173,4.962216000000001,2018-04-29 11:35:13.539996,A4b4,2018-04-29 11:35:08.577780,1286,2018-04-29 11:35:13.233727,4.655947
174,4.959327,2018-04-29 11:35:13.838966,A4b4,2018-04-29 11:35:08.879639,1286,2018-04-29 11:35:13.539996,4.660357
175,4.947024,2018-04-29 11:35:14.151742,A4b4,2018-04-29 11:35:09.204718,1286,2018-04-29 11:35:13.838966,4.634248
176,4.971658000000001,2018-04-29 11:35:14.478236,A4b4,2018-04-29 11:35:09.506578,1286,2018-04-29 11:35:14.151742,4.645164
177,4.994852000000001,2018-04-29 11:35:14.803289,A4b4,2018-04-29 11:35:09.808437,1286,2018-04-29 11:35:14.478236,4.669799
178,9.110186,2018-04-29 11:35:19.243703,A4b4,2018-04-29 11:35:10.133517,1286,2018-04-29 11:35:14.803289,4.669772
179,9.091112,2018-04-29 11:35:19.572928,A4b4,2018-04-29 11:35:10.481816,1286,2018-04-29 11:35:19.243703,8.761887
180,9.16428,2018-04-29 11:35:19.994395,A4b4,2018-04-29 11:35:10.830115,1286,2018-04-29 11:35:19.572928,8.742813
181,9.23371,2018-04-29 11:35:20.412125,A4b4,2018-04-29 11:35:11.178415,1286,2018-04-29 11:35:19.994395,8.81598
182,9.333249,2018-04-29 11:35:20.859963,A4b4,2018-04-29 11:35:11.526714,1286,2018-04-29 11:35:20.412125,8.885411000000001
183,9.415159000000001,2018-04-29 11:35:21.290172,A4b4,2018-04-29 11:35:11.875013,1286,2018-04-29 11:35:20.859963,8.984950000000001
184,9.525555,2018-04-29 11:35:21.748868,A4b4,2018-04-29 11:35:12.223313,1286,2018-04-29 11:35:21.290172,9.066859000000001
185,9.596814,2018-04-29 11:35:22.168426,A4b4,2018-04-29 11:35:12.571612,1286,2018-04-29 11:35:21.748868,9.177256
186,9.74379,2018-04-29 11:35:22.640481,A4b4,2018-04-29 11:35:12.896691,1286,2018-04-29 11:35:22.168426,9.271735000000001
187,9.830532,2018-04-29 11:35:23.052303,A4b4,2018-04-29 11:35:13.221771,1286,2018-04-29 11:35:22.640481,9.41871
188,10.003944,2018-04-29 11:35:23.527574,A4b4,2018-04-29 11:35:13.523630,1286,2018-04-29 11:35:23.052303,9.528673000000001
189,9.774610000000001,2018-04-29 11:35:23.600099,A4b4,2018-04-29 11:35:13.825489,1286,2018-04-29 11:35:23.527574,9.702085
190,9.814910000000001,2018-04-29 11:35:23.965479,A4b4,2018-04-29 11:35:14.150569,1286,2018-04-29 11:35:23.600099,9.449530000000001
191,9.894738,2018-04-29 11:35:24.393606,A4b4,2018-04-29 11:35:14.498868,1286,2018-04-29 11:35:23.965479,9.466611
192,9.985922,2018-04-29 11:35:24.833089,A4b4,2018-04-29 11:35:14.847167,1286,2018-04-29 11:35:24.393606,9.546439000000001
193,5.747681,2018-04-29 11:35:25.295495,A2a3,2018-04-29 11:35:19.547814,1286,2018-04-29 11:35:24.833089,5.285275
194,5.759298,2018-04-29 11:35:25.748291,A2a3,2018-04-29 11:35:19.988993,1286,2018-04-29 11:35:25.295495,5.306502
195,5.743126,2018-04-29 11:35:26.173298,A2a3,2018-04-29 11:35:20.430172,1286,2018-04-29 11:35:25.748291,5.318119
196,5.737367000000001,2018-04-29 11:35:26.608719,A2a3,2018-04-29 11:35:20.871352,1286,2018-04-29 11:35:26.173298,5.301946
197,5.7151190000000005,2018-04-29 11:35:27.050870,A2a3,2018-04-29 11:35:21.335751,1286,2018-04-29 11:35:26.608719,5.2729680000000005
198,5.700014,2018-04-29 11:35:27.476944,A2a3,2018-04-29 11:35:21.776930,1286,2018-04-29 11:35:27.050870,5.2739400000000005
199,5.714597,2018-04-29 11:35:27.932706,A2a3,2018-04-29 11:35:22.218109,1286,2018-04-29 11:35:27.476944,5.258835
200,5.715071,2018-04-29 11:35:28.374359,A2a3,2018-04-29 11:35:22.659288,1286,2018-04-29 11:35:27.932706,5.273418
201,10.030867,2018-04-29 11:35:33.131334,A2a3,2018-04-29 11:35:23.100467,1286,2018-04-29 11:35:28.374359,5.273892
202,9.979875,2018-04-29 11:35:33.521521,A2a3,2018-04-29 11:35:23.541646,1286,2018-04-29 11:35:33.131334,9.589688
203,9.814061,2018-04-29 11:35:33.796886,A2a3,2018-04-29 11:35:23.982825,1286,2018-04-29 11:35:33.521521,9.538696
204,9.746809,2018-04-29 11:35:34.194034,A2a3,2018-04-29 11:35:24.447225,1286,2018-04-29 11:35:33.796886,9.349661000000001
205,9.677701,2018-04-29 11:35:34.566105,A2a3,2018-04-29 11:35:24.888404,1286,2018-04-29 11:35:34.194034,9.30563
206,9.619317,2018-04-29 11:35:34.948900,A2a3,2018-04-29 11:35:25.329583,1286,2018-04-29 11:35:34.566105,9.236522
207,9.564784000000001,2018-04-29 11:35:35.335546,A2a3,2018-04-29 11:35:25.770762,1286,2018-04-29 11:35:34.948900,9.178138
208,9.678271,2018-04-29 11:35:35.890212,A2a3,2018-04-29 11:35:26.211941,1286,2018-04-29 11:35:35.335546,9.123605000000001
209,9.740948000000001,2018-04-29 11:35:36.394068,A2a3,2018-04-29 11:35:26.653120,1286,2018-04-29 11:35:35.890212,9.237092
210,9.7828,2018-04-29 11:35:36.877099,A2a3,2018-04-29 11:35:27.094299,1286,2018-04-29 11:35:36.394068,9.299769000000001
211,9.791498,2018-04-29 11:35:37.350196,A2a3,2018-04-29 11:35:27.558698,1286,2018-04-29 11:35:36.877099,9.318401
212,9.905526,2018-04-29 11:35:37.905404,A2a3,2018-04-29 11:35:27.999878,1286,2018-04-29 11:35:37.350196,9.350318000000001
213,9.930004,2018-04-29 11:35:38.371061,A2a3,2018-04-29 11:35:28.441057,1286,2018-04-29 11:35:37.905404,9.464347
214,5.4373640000000005,2018-04-29 11:35:38.795894,A3a3,2018-04-29 11:35:33.358530,1286,2018-04-29 11:35:38.371061,5.012531
215,5.455709000000001,2018-04-29 11:35:39.232198,A3a3,2018-04-29 11:35:33.776489,1286,2018-04-29 11:35:38.795894,5.019405
216,5.497732,2018-04-29 11:35:39.668961,A3a3,2018-04-29 11:35:34.171229,1286,2018-04-29 11:35:39.232198,5.060969
217,5.571794000000001,2018-04-29 11:35:40.160982,A3a3,2018-04-29 11:35:34.589188,1286,2018-04-29 11:35:39.668961,5.079773
218,5.617593,2018-04-29 11:35:40.624740,A3a3,2018-04-29 11:35:35.007147,1286,2018-04-29 11:35:40.160982,5.153835
219,5.693622,2018-04-29 11:35:41.141948,A3a3,2018-04-29 11:35:35.448326,1286,2018-04-29 11:35:40.624740,5.176414
220,5.6570290000000005,2018-04-29 11:35:41.592974,A3a3,2018-04-29 11:35:35.935945,1286,2018-04-29 11:35:41.141948,5.206003
221,5.558520000000001,2018-04-29 11:35:41.982084,A3a3,2018-04-29 11:35:36.423564,1286,2018-04-29 11:35:41.592974,5.16941
222,5.419625,2018-04-29 11:35:42.354028,A3a3,2018-04-29 11:35:36.934403,1286,2018-04-29 11:35:41.982084,5.047681000000001
223,5.358331000000001,2018-04-29 11:35:42.757133,A3a3,2018-04-29 11:35:37.398802,1286,2018-04-29 11:35:42.354028,4.955226000000001
224,5.334112,2018-04-29 11:35:43.220533,A3a3,2018-04-29 11:35:37.886421,1286,2018-04-29 11:35:42.757133,4.870712
225,5.359694,2018-04-29 11:35:43.687294,A3a3,2018-04-29 11:35:38.327600,1286,2018-04-29 11:35:43.220533,4.892933
226,8.162337,2018-04-29 11:35:46.907897,A3a3,2018-04-29 11:35:38.745560,1286,2018-04-29 11:35:43.687294,4.941734
227,7.966044,2018-04-29 11:35:47.176003,A3a3,2018-04-29 11:35:39.209959,1286,2018-04-29 11:35:46.907897,7.697938000000001
228,7.850695000000001,2018-04-29 11:35:47.525053,A3a3,2018-04-29 11:35:39.674358,1286,2018-04-29 11:35:47.176003,7.501645000000001
229,7.7269890000000006,2018-04-29 11:35:47.912186,A3a3,2018-04-29 11:35:40.185197,1286,2018-04-29 11:35:47.525053,7.339856
230,7.671100000000001,2018-04-29 11:35:48.343916,A3a3,2018-04-29 11:35:40.672816,1286,2018-04-29 11:35:47.912186,7.23937
231,7.618324,2018-04-29 11:35:48.732319,A3a3,2018-04-29 11:35:41.113995,1286,2018-04-29 11:35:48.343916,7.229921
232,7.6133180000000005,2018-04-29 11:35:49.168492,A3a3,2018-04-29 11:35:41.555174,1286,2018-04-29 11:35:48.732319,7.177145
233,7.6729780000000005,2018-04-29 11:35:49.622891,A3a3,2018-04-29 11:35:41.949913,1286,2018-04-29 11:35:49.168492,7.218579
234,7.761728000000001,2018-04-29 11:35:50.129601,A3a3,2018-04-29 11:35:42.367873,1286,2018-04-29 11:35:49.622891,7.255018000000001
235,7.842624000000001,2018-04-29 11:35:50.605236,A3a3,2018-04-29 11:35:42.762612,1286,2018-04-29 11:35:50.129601,7.366989
236,7.935316,2018-04-29 11:35:51.139107,A3a3,2018-04-29 11:35:43.203791,1286,2018-04-29 11:35:50.605236,7.401445000000001
237,4.449232,2018-04-29 11:35:51.577816,A4b3,2018-04-29 11:35:47.128584,1286,2018-04-29 11:35:51.139107,4.010523
238,4.116052,2018-04-29 11:35:51.662595,A4b3,2018-04-29 11:35:47.546543,1286,2018-04-29 11:35:51.577816,4.0312730000000006
239,4.5443620000000005,2018-04-29 11:35:52.508865,A4b3,2018-04-29 11:35:47.964503,1286,2018-04-29 11:35:51.662595,3.6980920000000004
240,5.031845000000001,2018-04-29 11:35:53.391087,A4b3,2018-04-29 11:35:48.359242,1286,2018-04-29 11:35:52.508865,4.149623
241,5.0834340000000005,2018-04-29 11:35:53.860635,A4b3,2018-04-29 11:35:48.777201,1286,2018-04-29 11:35:53.391087,4.613886
242,5.106933000000001,2018-04-29 11:35:54.348533,A4b3,2018-04-29 11:35:49.241600,1286,2018-04-29 11:35:53.860635,4.619035
243,5.125981,2018-04-29 11:35:54.831980,A4b3,2018-04-29 11:35:49.705999,1286,2018-04-29 11:35:54.348533,4.642534
244,5.078242,2018-04-29 11:35:55.295080,A4b3,2018-04-29 11:35:50.216838,1286,2018-04-29 11:35:54.831980,4.6151420000000005
245,5.021259000000001,2018-04-29 11:35:55.725716,A4b3,2018-04-29 11:35:50.704457,1286,2018-04-29 11:35:55.295080,4.590623
246,4.950779000000001,2018-04-29 11:35:56.142855,A4b3,2018-04-29 11:35:51.192076,1286,2018-04-29 11:35:55.725716,4.53364
247,8.958025000000001,2018-04-29 11:36:00.614500,A4b3,2018-04-29 11:35:51.656475,1286,2018-04-29 11:35:56.142855,4.4863800000000005
248,8.815633,2018-04-29 11:36:00.936507,A4b3,2018-04-29 11:35:52.120874,1286,2018-04-29 11:36:00.614500,8.493626
249,8.62583,2018-04-29 11:36:01.164664,A4b3,2018-04-29 11:35:52.538834,1286,2018-04-29 11:36:00.936507,8.397673000000001
250,8.424469,2018-04-29 11:36:01.404482,A4b3,2018-04-29 11:35:52.980013,1286,2018-04-29 11:36:01.164664,8.184651
251,8.220220000000001,2018-04-29 11:36:01.687852,A4b3,2018-04-29 11:35:53.467632,1286,2018-04-29 11:36:01.404482,7.936850000000001
252,8.058952,2018-04-29 11:36:02.014203,A4b3,2018-04-29 11:35:53.955251,1286,2018-04-29 11:36:01.687852,7.732601000000001
253,8.208837,2018-04-29 11:36:02.651707,A4b3,2018-04-29 11:35:54.442870,1286,2018-04-29 11:36:02.014203,7.571333
254,7.797327,2018-04-29 11:36:02.704596,A4b3,2018-04-29 11:35:54.907269,1286,2018-04-29 11:36:02.651707,7.744438000000001
255,7.6570990000000005,2018-04-29 11:36:02.982327,A4b3,2018-04-29 11:35:55.325228,1286,2018-04-29 11:36:02.704596,7.379368
256,7.596293,2018-04-29 11:36:03.339480,A4b3,2018-04-29 11:35:55.743187,1286,2018-04-29 11:36:02.982327,7.239140000000001
257,7.258093000000001,2018-04-29 11:36:03.396020,A4b3,2018-04-29 11:35:56.137927,1286,2018-04-29 11:36:03.339480,7.2015530000000005
258,2.9048890000000003,2018-04-29 11:36:03.678555,A3a4,2018-04-29 11:36:00.773666,1286,2018-04-29 11:36:03.396020,2.622354
259,2.947657,2018-04-29 11:36:04.046403,A3a4,2018-04-29 11:36:01.098746,1286,2018-04-29 11:36:03.678555,2.579809
260,3.015118,2018-04-29 11:36:04.415723,A3a4,2018-04-29 11:36:01.400605,1286,2018-04-29 11:36:04.046403,2.645798
261,3.0504860000000003,2018-04-29 11:36:04.752951,A3a4,2018-04-29 11:36:01.702465,1286,2018-04-29 11:36:04.415723,2.713258
262,3.0800150000000004,2018-04-29 11:36:05.107559,A3a4,2018-04-29 11:36:02.027544,1286,2018-04-29 11:36:04.752951,2.725407
263,2.835243,2018-04-29 11:36:05.164646,A3a4,2018-04-29 11:36:02.329403,1286,2018-04-29 11:36:05.107559,2.778156
264,2.753725,2018-04-29 11:36:05.408208,A3a4,2018-04-29 11:36:02.654483,1286,2018-04-29 11:36:05.164646,2.5101630000000004
265,2.752116,2018-04-29 11:36:05.731678,A3a4,2018-04-29 11:36:02.979562,1286,2018-04-29 11:36:05.408208,2.428646
266,2.7286960000000002,2018-04-29 11:36:06.056557,A3a4,2018-04-29 11:36:03.327861,1286,2018-04-29 11:36:05.731678,2.403817
267,2.4265280000000002,2018-04-29 11:36:06.102689,A3a4,2018-04-29 11:36:03.676161,1286,2018-04-29 11:36:06.056557,2.380396
268,2.323715,2018-04-29 11:36:06.348175,A3a4,2018-04-29 11:36:04.024460,1286,2018-04-29 11:36:06.102689,2.0782290000000003
269,2.0191540000000003,2018-04-29 11:36:06.415133,A3a4,2018-04-29 11:36:04.395979,1286,2018-04-29 11:36:06.348175,1.952196
270,1.910692,2018-04-29 11:36:06.654971,A3a4,2018-04-29 11:36:04.744279,1286,2018-04-29 11:36:06.415133,1.670854
271,1.941181,2018-04-29 11:36:07.010539,A3a4,2018-04-29 11:36:05.069358,1286,2018-04-29 11:36:06.654971,1.5856130000000002
272,1.9546340000000002,2018-04-29 11:36:07.349071,A3a4,2018-04-29 11:36:05.394437,1286,2018-04-29 11:36:07.010539,1.6161020000000001
273,1.998652,2018-04-29 11:36:07.718169,A3a4,2018-04-29 11:36:05.719517,1286,2018-04-29 11:36:07.349071,1.6295540000000002
274,2.0343180000000003,2018-04-29 11:36:08.078914,A3a4,2018-04-29 11:36:06.044596,1286,2018-04-29 11:36:07.718169,1.6735730000000002
275,2.124577,2018-04-29 11:36:08.471032,A3a4,2018-04-29 11:36:06.346455,1286,2018-04-29 11:36:08.078914,1.7324590000000002
276,2.203132,2018-04-29 11:36:08.874667,A3a4,2018-04-29 11:36:06.671535,1286,2018-04-29 11:36:08.471032,1.7994970000000001
277,2.502824,2018-04-29 11:36:09.522658,A3a4,2018-04-29 11:36:07.019834,1286,2018-04-29 11:36:08.874667,1.8548330000000002
278,2.399276,2018-04-29 11:36:09.767409,A3a4,2018-04-29 11:36:07.368133,1286,2018-04-29 11:36:09.522658,2.154525
279,2.1306890000000003,2018-04-29 11:36:09.847122,A3a4,2018-04-29 11:36:07.716433,1286,2018-04-29 11:36:09.767409,2.050976
280,1.968682,2018-04-29 11:36:10.056634,A3a4,2018-04-29 11:36:08.087952,1286,2018-04-29 11:36:09.847122,1.7591700000000001
281,1.9712200000000002,2018-04-29 11:36:10.407471,A3a4,2018-04-29 11:36:08.436251,1286,2018-04-29 11:36:10.056634,1.6203830000000001
282,1.8705280000000002,2018-04-29 11:36:10.678299,A3a4,2018-04-29 11:36:08.807771,1286,2018-04-29 11:36:10.407471,1.5997000000000001
283,1.882047,2018-04-29 11:36:11.014897,A3a4,2018-04-29 11:36:09.132850,1286,2018-04-29 11:36:10.678299,1.545449
284,1.8973710000000001,2018-04-29 11:36:11.355300,A3a4,2018-04-29 11:36:09.457929,1286,2018-04-29 11:36:11.014897,1.5569680000000001
285,5.065349,2018-04-29 11:36:14.825138,A3a4,2018-04-29 11:36:09.759789,1286,2018-04-29 11:36:11.355300,1.5955110000000001
286,5.053374000000001,2018-04-29 11:36:15.115022,A3a4,2018-04-29 11:36:10.061648,1286,2018-04-29 11:36:14.825138,4.76349
287,5.515028,2018-04-29 11:36:15.901756,A3a4,2018-04-29 11:36:10.386728,1286,2018-04-29 11:36:15.115022,4.728294
288,5.716322000000001,2018-04-29 11:36:16.428129,A3a4,2018-04-29 11:36:10.711807,1286,2018-04-29 11:36:15.901756,5.189949
289,6.22149,2018-04-29 11:36:17.258376,A3a4,2018-04-29 11:36:11.036886,1286,2018-04-29 11:36:16.428129,5.391243
290,2.8268400000000002,2018-04-29 11:36:18.053728,A3a2,2018-04-29 11:36:15.226888,1286,2018-04-29 11:36:17.258376,2.031488
291,2.697254,2018-04-29 11:36:18.504641,A3a2,2018-04-29 11:36:15.807387,1286,2018-04-29 11:36:18.053728,2.246341
292,2.5523070000000003,2018-04-29 11:36:19.079512,A3a2,2018-04-29 11:36:16.527205,1286,2018-04-29 11:36:18.504641,1.9774360000000002
293,2.372658,2018-04-29 11:36:19.642902,A3a2,2018-04-29 11:36:17.270244,1286,2018-04-29 11:36:19.079512,1.809268
294,2.55105,2018-04-29 11:36:20.425013,A3a2,2018-04-29 11:36:17.873963,1286,2018-04-29 11:36:19.642902,1.768939
295,2.6079860000000004,2018-04-29 11:36:21.062447,A3a2,2018-04-29 11:36:18.454461,1286,2018-04-29 11:36:20.425013,1.970552
296,2.6282330000000003,2018-04-29 11:36:21.663193,A3a2,2018-04-29 11:36:19.034960,1286,2018-04-29 11:36:21.062447,2.0274870000000003
297,2.062187,2018-04-29 11:36:21.840186,A3a2,2018-04-29 11:36:19.777999,1286,2018-04-29 11:36:21.663193,1.885194
298,2.01425,2018-04-29 11:36:22.465628,A3a2,2018-04-29 11:36:20.451378,1286,2018-04-29 11:36:21.840186,1.388808
299,2.207761,2018-04-29 11:36:23.239637,A3a2,2018-04-29 11:36:21.031876,1286,2018-04-29 11:36:22.465628,1.4337520000000001
300,2.0340320000000003,2018-04-29 11:36:23.785727,A3a2,2018-04-29 11:36:21.751695,1286,2018-04-29 11:36:23.239637,1.487942
301,1.8207570000000002,2018-04-29 11:36:24.338711,A3a2,2018-04-29 11:36:22.517954,1286,2018-04-29 11:36:23.785727,1.267773
302,4.649688,2018-04-29 11:36:27.794580,A3a2,2018-04-29 11:36:23.144892,1286,2018-04-29 11:36:24.338711,1.193819
303,5.360557,2018-04-29 11:36:29.085948,A3a2,2018-04-29 11:36:23.725391,1286,2018-04-29 11:36:27.794580,4.069189000000001
304,1.405699,2018-04-29 11:36:30.342408,A4b1,2018-04-29 11:36:28.936709,1286,2018-04-29 11:36:29.085948,0.149239
305,1.26377,2018-04-29 11:36:31.547237,A4b1,2018-04-29 11:36:30.283467,1286,2018-04-29 11:36:30.342408,0.058941
306,1.198016,2018-04-29 11:36:32.805020,A4b1,2018-04-29 11:36:31.607004,1286,2018-04-29 11:36:31.547237,-0.059767
307,1.2210420000000002,2018-04-29 11:36:33.965824,A4b1,2018-04-29 11:36:32.744782,1286,2018-04-29 11:36:32.805020,0.06023800000000001
308,1.2960070000000001,2018-04-29 11:36:35.108907,A4b1,2018-04-29 11:36:33.812900,1286,2018-04-29 11:36:33.965824,0.152924
309,1.7442730000000002,2018-04-29 11:36:37.066470,A4b1,2018-04-29 11:36:35.322197,1286,2018-04-29 11:36:35.108907,-0.21329
310,1.3000340000000001,2018-04-29 11:36:38.410167,A4b1,2018-04-29 11:36:37.110133,1286,2018-04-29 11:36:37.066470,-0.043663
311,1.1784130000000002,2018-04-29 11:36:39.403104,A4b1,2018-04-29 11:36:38.224691,1286,2018-04-29 11:36:38.410167,0.185476
312,1.0875380000000001,2018-04-29 11:36:40.333907,A4b1,2018-04-29 11:36:39.246369,1286,2018-04-29 11:36:39.403104,0.156735
313,1.0893110000000001,2018-04-29 11:36:41.380578,A4b1,2018-04-29 11:36:40.291267,1286,2018-04-29 11:36:40.333907,0.042640000000000004
314,1.2735690000000002,2018-04-29 11:36:43.213453,A4b1,2018-04-29 11:36:41.939884,1286,2018-04-29 11:36:41.380578,-0.5593060000000001
315,1.062624,2018-04-29 11:36:44.372485,A4b1,2018-04-29 11:36:43.309861,1286,2018-04-29 11:36:43.213453,-0.09640800000000001
316,1.035787,2018-04-29 11:36:45.390546,A4b1,2018-04-29 11:36:44.354759,1286,2018-04-29 11:36:44.372485,0.017726000000000002
317,1.553296,2018-04-29 11:36:47.463792,A4b1,2018-04-29 11:36:45.910496,1286,2018-04-29 11:36:45.390546,-0.51995
318,1.4216460000000002,2018-04-29 11:36:49.236178,A4b1,2018-04-29 11:36:47.814532,1286,2018-04-29 11:36:47.463792,-0.35074
319,1.233586,2018-04-29 11:36:50.301996,A4b1,2018-04-29 11:36:49.068410,1286,2018-04-29 11:36:49.236178,0.167768
320,1.364864,2018-04-29 11:36:51.478172,A4b1,2018-04-29 11:36:50.113308,1286,2018-04-29 11:36:50.301996,0.18868800000000002
321,1.4997550000000002,2018-04-29 11:36:52.820501,A4b1,2018-04-29 11:36:51.320746,1286,2018-04-29 11:36:51.478172,0.157426
322,1.3578620000000001,2018-04-29 11:36:54.025365,A4b1,2018-04-29 11:36:52.667503,1286,2018-04-29 11:36:52.820501,0.15299800000000002
323,1.435179,2018-04-29 11:36:55.426219,A4b1,2018-04-29 11:36:53.991040,1286,2018-04-29 11:36:54.025365,0.034325
324,7.424222,2018-04-29 11:37:02.762020,A4b1,2018-04-29 11:36:55.337798,1286,2018-04-29 11:36:55.426219,0.088421
325,0.16278,2018-04-29 11:37:03.182363,A1a3,2018-04-29 11:37:03.019583,1286,2018-04-29 11:37:03.182363,0.16278
326,0.027571000000000002,2018-04-29 11:37:03.488333,A1a3,2018-04-29 11:37:03.460762,1286,2018-04-29 11:37:03.488333,0.027571000000000002
327,-0.017618,2018-04-29 11:37:03.884323,A1a3,2018-04-29 11:37:03.901941,1286,2018-04-29 11:37:03.884323,-0.017618
328,0.015413000000000001,2018-04-29 11:37:04.358534,A1a3,2018-04-29 11:37:04.343121,1286,2018-04-29 11:37:04.358534,0.015413000000000001
329,0.011935000000000001,2018-04-29 11:37:04.796235,A1a3,2018-04-29 11:37:04.784300,1286,2018-04-29 11:37:04.796235,0.011935000000000001
330,0.022180000000000002,2018-04-29 11:37:05.247659,A1a3,2018-04-29 11:37:05.225479,1286,2018-04-29 11:37:05.247659,0.022180000000000002
331,0.013159,2018-04-29 11:37:05.703037,A1a3,2018-04-29 11:37:05.689878,1286,2018-04-29 11:37:05.703037,0.013159
332,-0.002637,2018-04-29 11:37:06.128420,A1a3,2018-04-29 11:37:06.131057,1286,2018-04-29 11:37:06.128420,-0.002637
333,-0.002318,2018-04-29 11:37:06.569918,A1a3,2018-04-29 11:37:06.572236,1286,2018-04-29 11:37:06.569918,-0.002318
334,0.004588,2018-04-29 11:37:07.018003,A1a3,2018-04-29 11:37:07.013415,1286,2018-04-29 11:37:07.018003,0.004588
335,-0.013443,2018-04-29 11:37:07.441151,A1a3,2018-04-29 11:37:07.454594,1286,2018-04-29 11:37:07.441151,-0.013443
336,0.00898,2018-04-29 11:37:07.904754,A1a3,2018-04-29 11:37:07.895774,1286,2018-04-29 11:37:07.904754,0.00898
337,0.003294,2018-04-29 11:37:08.340247,A1a3,2018-04-29 11:37:08.336953,1286,2018-04-29 11:37:08.340247,0.003294
338,-0.017889000000000002,2018-04-29 11:37:08.783463,A1a3,2018-04-29 11:37:08.801352,1286,2018-04-29 11:37:08.783463,-0.017889000000000002
339,-0.00613,2018-04-29 11:37:09.236401,A1a3,2018-04-29 11:37:09.242531,1286,2018-04-29 11:37:09.236401,-0.00613
340,0.019741,2018-04-29 11:37:09.703451,A1a3,2018-04-29 11:37:09.683710,1286,2018-04-29 11:37:09.703451,0.019741
341,0.00111,2018-04-29 11:37:10.125999,A1a3,2018-04-29 11:37:10.124889,1286,2018-04-29 11:37:10.125999,0.00111
342,0.018568,2018-04-29 11:37:10.584636,A1a3,2018-04-29 11:37:10.566068,1286,2018-04-29 11:37:10.584636,0.018568
343,0.005309,2018-04-29 11:37:11.012556,A1a3,2018-04-29 11:37:11.007247,1286,2018-04-29 11:37:11.012556,0.005309
344,0.005167000000000001,2018-04-29 11:37:11.453594,A1a3,2018-04-29 11:37:11.448427,1286,2018-04-29 11:37:11.453594,0.005167000000000001
345,-0.020568000000000003,2018-04-29 11:37:11.892258,A1a3,2018-04-29 11:37:11.912826,1286,2018-04-29 11:37:11.892258,-0.020568000000000003
346,-0.034581,2018-04-29 11:37:12.319424,A1a3,2018-04-29 11:37:12.354005,1286,2018-04-29 11:37:12.319424,-0.034581
347,0.0007890000000000001,2018-04-29 11:37:12.795973,A1a3,2018-04-29 11:37:12.795184,1286,2018-04-29 11:37:12.795973,0.0007890000000000001
348,0.005805,2018-04-29 11:37:13.242168,A1a3,2018-04-29 11:37:13.236363,1286,2018-04-29 11:37:13.242168,0.005805
349,0.000123,2018-04-29 11:37:13.677665,A1a3,2018-04-29 11:37:13.677542,1286,2018-04-29 11:37:13.677665,0.000123
350,0.012350000000000002,2018-04-29 11:37:14.131071,A1a3,2018-04-29 11:37:14.118721,1286,2018-04-29 11:37:14.131071,0.012350000000000002
351,0.014782000000000002,2018-04-29 11:37:14.574683,A1a3,2018-04-29 11:37:14.559901,1286,2018-04-29 11:37:14.574683,0.014782000000000002
352,-0.014004,2018-04-29 11:37:15.010296,A1a3,2018-04-29 11:37:15.024300,1286,2018-04-29 11:37:15.010296,-0.014004
353,-0.030237000000000003,2018-04-29 11:37:15.435242,A1a3,2018-04-29 11:37:15.465479,1286,2018-04-29 11:37:15.435242,-0.030237000000000003
354,-0.019347,2018-04-29 11:37:15.887311,A1a3,2018-04-29 11:37:15.906658,1286,2018-04-29 11:37:15.887311,-0.019347
355,0.009633000000000001,2018-04-29 11:37:16.357470,A1a3,2018-04-29 11:37:16.347837,1286,2018-04-29 11:37:16.357470,0.009633000000000001
356,0.018077000000000003,2018-04-29 11:37:16.807093,A1a3,2018-04-29 11:37:16.789016,1286,2018-04-29 11:37:16.807093,0.018077000000000003
357,0.005778,2018-04-29 11:37:17.235973,A1a3,2018-04-29 11:37:17.230195,1286,2018-04-29 11:37:17.235973,0.005778
358,0.012953000000000001,2018-04-29 11:37:17.684327,A1a3,2018-04-29 11:37:17.671374,1286,2018-04-29 11:37:17.684327,0.012953000000000001
359,0.019121000000000003,2018-04-29 11:37:18.154895,A1a3,2018-04-29 11:37:18.135774,1286,2018-04-29 11:37:18.154895,0.019121000000000003
360,0.0073360000000000005,2018-04-29 11:37:18.584289,A1a3,2018-04-29 11:37:18.576953,1286,2018-04-29 11:37:18.584289,0.0073360000000000005
361,0.0018080000000000001,2018-04-29 11:37:19.019940,A1a3,2018-04-29 11:37:19.018132,1286,2018-04-29 11:37:19.019940,0.0018080000000000001
362,0.010347,2018-04-29 11:37:19.469658,A1a3,2018-04-29 11:37:19.459311,1286,2018-04-29 11:37:19.469658,0.010347
363,0.000116,2018-04-29 11:37:19.900606,A1a3,2018-04-29 11:37:19.900490,1286,2018-04-29 11:37:19.900606,0.000116
364,0.022752,2018-04-29 11:37:20.364421,A1a3,2018-04-29 11:37:20.341669,1286,2018-04-29 11:37:20.364421,0.022752
365,0.0068920000000000006,2018-04-29 11:37:20.789740,A1a3,2018-04-29 11:37:20.782848,1286,2018-04-29 11:37:20.789740,0.0068920000000000006
366,-0.012305,2018-04-29 11:37:21.234942,A1a3,2018-04-29 11:37:21.247247,1286,2018-04-29 11:37:21.234942,-0.012305
367,-0.007216,2018-04-29 11:37:21.681211,A1a3,2018-04-29 11:37:21.688427,1286,2018-04-29 11:37:21.681211,-0.007216
368,-0.008402,2018-04-29 11:37:22.121204,A1a3,2018-04-29 11:37:22.129606,1286,2018-04-29 11:37:22.121204,-0.008402
369,-0.003323,2018-04-29 11:37:22.567462,A1a3,2018-04-29 11:37:22.570785,1286,2018-04-29 11:37:22.567462,-0.003323
370,-0.21615900000000002,2018-04-29 11:37:26.043324,A4a3,2018-04-29 11:37:26.259483,1286,2018-04-29 11:37:26.043324,-0.21615900000000002
371,-0.23704000000000003,2018-04-29 11:37:26.440402,A4a3,2018-04-29 11:37:26.677442,1286,2018-04-29 11:37:26.440402,-0.23704000000000003
372,-0.298047,2018-04-29 11:37:26.797355,A4a3,2018-04-29 11:37:27.095402,1286,2018-04-29 11:37:26.797355,-0.298047
373,-0.35549400000000003,2018-04-29 11:37:27.134647,A4a3,2018-04-29 11:37:27.490141,1286,2018-04-29 11:37:27.134647,-0.35549400000000003
374,-0.39188700000000004,2018-04-29 11:37:27.516213,A4a3,2018-04-29 11:37:27.908100,1286,2018-04-29 11:37:27.516213,-0.39188700000000004
375,-0.658495,2018-04-29 11:37:27.690784,A4a3,2018-04-29 11:37:28.349279,1286,2018-04-29 11:37:27.690784,-0.658495
376,-0.9567610000000001,2018-04-29 11:37:27.880137,A4a3,2018-04-29 11:37:28.836898,1286,2018-04-29 11:37:27.880137,-0.9567610000000001
377,-1.0432190000000001,2018-04-29 11:37:28.304518,A4a3,2018-04-29 11:37:29.347737,1286,2018-04-29 11:37:28.304518,-1.0432190000000001
378,-1.036283,2018-04-29 11:37:28.799073,A4a3,2018-04-29 11:37:29.835356,1286,2018-04-29 11:37:28.799073,-1.036283
379,-1.0403520000000002,2018-04-29 11:37:29.282623,A4a3,2018-04-29 11:37:30.322975,1286,2018-04-29 11:37:29.282623,-1.0403520000000002
380,-1.0185170000000001,2018-04-29 11:37:29.768857,A4a3,2018-04-29 11:37:30.787374,1286,2018-04-29 11:37:29.768857,-1.0185170000000001
381,-1.00618,2018-04-29 11:37:30.245593,A4a3,2018-04-29 11:37:31.251773,1286,2018-04-29 11:37:30.245593,-1.00618
382,-0.907923,2018-04-29 11:37:30.761810,A4a3,2018-04-29 11:37:31.669733,1286,2018-04-29 11:37:30.761810,-0.907923
383,-0.875681,2018-04-29 11:37:31.235231,A4a3,2018-04-29 11:37:32.110912,1286,2018-04-29 11:37:31.235231,-0.875681
384,-0.9486760000000001,2018-04-29 11:37:31.649855,A4a3,2018-04-29 11:37:32.598531,1286,2018-04-29 11:37:31.649855,-0.9486760000000001
385,-1.010845,2018-04-29 11:37:32.075305,A4a3,2018-04-29 11:37:33.086150,1286,2018-04-29 11:37:32.075305,-1.010845
386,-1.061873,2018-04-29 11:37:32.511896,A4a3,2018-04-29 11:37:33.573769,1286,2018-04-29 11:37:32.511896,-1.061873
387,-1.037058,2018-04-29 11:37:33.001110,A4a3,2018-04-29 11:37:34.038168,1286,2018-04-29 11:37:33.001110,-1.037058
388,-0.9620550000000001,2018-04-29 11:37:33.494072,A4a3,2018-04-29 11:37:34.456127,1286,2018-04-29 11:37:33.494072,-0.9620550000000001
389,-0.855781,2018-04-29 11:37:34.018305,A4a3,2018-04-29 11:37:34.874086,1286,2018-04-29 11:37:34.018305,-0.855781
390,-0.796293,2018-04-29 11:37:34.472533,A4a3,2018-04-29 11:37:35.268826,1286,2018-04-29 11:37:34.472533,-0.796293
391,-5.366757000000001,2018-04-29 11:37:34.864897,A2a2,2018-04-29 11:37:40.231654,1286,2018-04-29 11:37:34.864897,-5.366757000000001
392,-5.620587,2018-04-29 11:37:35.261225,A2a2,2018-04-29 11:37:40.881812,1286,2018-04-29 11:37:35.261225,-5.620587
393,-1.8320930000000002,2018-04-29 11:37:39.723098,A2a2,2018-04-29 11:37:41.555191,1286,2018-04-29 11:37:39.723098,-1.8320930000000002
394,-1.823388,2018-04-29 11:37:40.405182,A2a2,2018-04-29 11:37:42.228570,1286,2018-04-29 11:37:40.405182,-1.823388
395,-1.8606070000000001,2018-04-29 11:37:41.018121,A2a2,2018-04-29 11:37:42.878728,1286,2018-04-29 11:37:41.018121,-1.8606070000000001
396,-1.9855450000000001,2018-04-29 11:37:41.566562,A2a2,2018-04-29 11:37:43.552107,1286,2018-04-29 11:37:41.566562,-1.9855450000000001
397,-1.9989500000000002,2018-04-29 11:37:42.226536,A2a2,2018-04-29 11:37:44.225486,1286,2018-04-29 11:37:42.226536,-1.9989500000000002
398,-2.018424,2018-04-29 11:37:42.880441,A2a2,2018-04-29 11:37:44.898865,1286,2018-04-29 11:37:42.880441,-2.018424
399,-1.96313,2018-04-29 11:37:43.585893,A2a2,2018-04-29 11:37:45.549023,1286,2018-04-29 11:37:43.585893,-1.96313
400,-1.9218080000000002,2018-04-29 11:37:44.300594,A2a2,2018-04-29 11:37:46.222402,1286,2018-04-29 11:37:44.300594,-1.9218080000000002
401,-1.991724,2018-04-29 11:37:44.904057,A2a2,2018-04-29 11:37:46.895781,1286,2018-04-29 11:37:44.904057,-1.991724
402,-1.969805,2018-04-29 11:37:45.576134,A2a2,2018-04-29 11:37:47.545939,1286,2018-04-29 11:37:45.576134,-1.969805
403,-1.9649010000000002,2018-04-29 11:37:46.254417,A2a2,2018-04-29 11:37:48.219318,1286,2018-04-29 11:37:46.254417,-1.9649010000000002
404,-2.013757,2018-04-29 11:37:46.878940,A2a2,2018-04-29 11:37:48.892697,1286,2018-04-29 11:37:46.878940,-2.013757
405,-2.0274680000000003,2018-04-29 11:37:47.538607,A2a2,2018-04-29 11:37:49.566075,1286,2018-04-29 11:37:47.538607,-2.0274680000000003
406,-2.048201,2018-04-29 11:37:48.168033,A2a2,2018-04-29 11:37:50.216234,1286,2018-04-29 11:37:48.168033,-2.048201
407,-2.01023,2018-04-29 11:37:48.879383,A2a2,2018-04-29 11:37:50.889613,1286,2018-04-29 11:37:48.879383,-2.01023
408,-2.007432,2018-04-29 11:37:49.555560,A2a2,2018-04-29 11:37:51.562992,1286,2018-04-29 11:37:49.555560,-2.007432
409,-2.042681,2018-04-29 11:37:50.170469,A2a2,2018-04-29 11:37:52.213150,1286,2018-04-29 11:37:50.170469,-2.042681
410,-2.016578,2018-04-29 11:37:50.869951,A2a2,2018-04-29 11:37:52.886529,1286,2018-04-29 11:37:50.869951,-2.016578
411,-2.036492,2018-04-29 11:37:51.523416,A2a2,2018-04-29 11:37:53.559908,1286,2018-04-29 11:37:51.523416,-2.036492
412,-6.744470000000001,2018-04-29 11:37:52.188829,A1a4,2018-04-29 11:37:58.933299,1286,2018-04-29 11:37:52.188829,-6.744470000000001
413,-6.369025000000001,2018-04-29 11:37:52.889354,A1a4,2018-04-29 11:37:59.258379,1286,2018-04-29 11:37:52.889354,-6.369025000000001
414,-6.075365000000001,2018-04-29 11:37:53.531313,A1a4,2018-04-29 11:37:59.606678,1286,2018-04-29 11:37:53.531313,-6.075365000000001
415,-1.1358000000000001,2018-04-29 11:37:58.795957,A1a4,2018-04-29 11:37:59.931757,1286,2018-04-29 11:37:58.795957,-1.1358000000000001
416,-1.157626,2018-04-29 11:37:59.099211,A1a4,2018-04-29 11:38:00.256837,1286,2018-04-29 11:37:59.099211,-1.157626
417,-1.259378,2018-04-29 11:37:59.345758,A1a4,2018-04-29 11:38:00.605136,1286,2018-04-29 11:37:59.345758,-1.259378
418,-1.2858340000000001,2018-04-29 11:37:59.644381,A1a4,2018-04-29 11:38:00.930215,1286,2018-04-29 11:37:59.644381,-1.2858340000000001
419,-1.2940690000000001,2018-04-29 11:37:59.961226,A1a4,2018-04-29 11:38:01.255295,1286,2018-04-29 11:37:59.961226,-1.2940690000000001
420,-1.3423910000000001,2018-04-29 11:38:00.261203,A1a4,2018-04-29 11:38:01.603594,1286,2018-04-29 11:38:00.261203,-1.3423910000000001
421,-1.3212050000000002,2018-04-29 11:38:00.607468,A1a4,2018-04-29 11:38:01.928673,1286,2018-04-29 11:38:00.607468,-1.3212050000000002
422,-1.326589,2018-04-29 11:38:00.950384,A1a4,2018-04-29 11:38:02.276973,1286,2018-04-29 11:38:00.950384,-1.326589
423,-1.313609,2018-04-29 11:38:01.288443,A1a4,2018-04-29 11:38:02.602052,1286,2018-04-29 11:38:01.288443,-1.313609
424,-1.307407,2018-04-29 11:38:01.619725,A1a4,2018-04-29 11:38:02.927132,1286,2018-04-29 11:38:01.619725,-1.307407
425,-1.334808,2018-04-29 11:38:01.940623,A1a4,2018-04-29 11:38:03.275431,1286,2018-04-29 11:38:01.940623,-1.334808
426,-1.322853,2018-04-29 11:38:02.277657,A1a4,2018-04-29 11:38:03.600510,1286,2018-04-29 11:38:02.277657,-1.322853
427,-1.314164,2018-04-29 11:38:02.611426,A1a4,2018-04-29 11:38:03.925590,1286,2018-04-29 11:38:02.611426,-1.314164
428,-1.314005,2018-04-29 11:38:02.959884,A1a4,2018-04-29 11:38:04.273889,1286,2018-04-29 11:38:02.959884,-1.314005
429,-1.3195910000000002,2018-04-29 11:38:03.279377,A1a4,2018-04-29 11:38:04.598968,1286,2018-04-29 11:38:03.279377,-1.3195910000000002
430,-1.321722,2018-04-29 11:38:03.602326,A1a4,2018-04-29 11:38:04.924048,1286,2018-04-29 11:38:03.602326,-1.321722
431,-1.324664,2018-04-29 11:38:03.947683,A1a4,2018-04-29 11:38:05.272347,1286,2018-04-29 11:38:03.947683,-1.324664
432,-1.314422,2018-04-29 11:38:04.283004,A1a4,2018-04-29 11:38:05.597426,1286,2018-04-29 11:38:04.283004,-1.314422
433,-1.3107380000000002,2018-04-29 11:38:04.611768,A1a4,2018-04-29 11:38:05.922506,1286,2018-04-29 11:38:04.611768,-1.3107380000000002
434,-1.328913,2018-04-29 11:38:04.941892,A1a4,2018-04-29 11:38:06.270805,1286,2018-04-29 11:38:04.941892,-1.328913
435,-1.318133,2018-04-29 11:38:05.277751,A1a4,2018-04-29 11:38:06.595884,1286,2018-04-29 11:38:05.277751,-1.318133
436,-1.3730330000000002,2018-04-29 11:38:05.571151,A1a4,2018-04-29 11:38:06.944184,1286,2018-04-29 11:38:05.571151,-1.3730330000000002
437,-1.3528090000000002,2018-04-29 11:38:05.916454,A1a4,2018-04-29 11:38:07.269263,1286,2018-04-29 11:38:05.916454,-1.3528090000000002
438,-1.32297,2018-04-29 11:38:06.271372,A1a4,2018-04-29 11:38:07.594342,1286,2018-04-29 11:38:06.271372,-1.32297
439,-1.317036,2018-04-29 11:38:06.625606,A1a4,2018-04-29 11:38:07.942642,1286,2018-04-29 11:38:06.625606,-1.317036
440,-1.316762,2018-04-29 11:38:06.950959,A1a4,2018-04-29 11:38:08.267721,1286,2018-04-29 11:38:06.950959,-1.316762
441,-1.297627,2018-04-29 11:38:07.295173,A1a4,2018-04-29 11:38:08.592800,1286,2018-04-29 11:38:07.295173,-1.297627
442,-1.319228,2018-04-29 11:38:07.621872,A1a4,2018-04-29 11:38:08.941100,1286,2018-04-29 11:38:07.621872,-1.319228
443,-1.3143880000000001,2018-04-29 11:38:07.951791,A1a4,2018-04-29 11:38:09.266179,1286,2018-04-29 11:38:07.951791,-1.3143880000000001
444,-1.297218,2018-04-29 11:38:08.294040,A1a4,2018-04-29 11:38:09.591258,1286,2018-04-29 11:38:08.294040,-1.297218
445,-1.323593,2018-04-29 11:38:08.615965,A1a4,2018-04-29 11:38:09.939558,1286,2018-04-29 11:38:08.615965,-1.323593
446,-1.325822,2018-04-29 11:38:08.938815,A1a4,2018-04-29 11:38:10.264637,1286,2018-04-29 11:38:08.938815,-1.325822
447,-1.323447,2018-04-29 11:38:09.266270,A1a4,2018-04-29 11:38:10.589717,1286,2018-04-29 11:38:09.266270,-1.323447
448,-1.349682,2018-04-29 11:38:09.588334,A1a4,2018-04-29 11:38:10.938016,1286,2018-04-29 11:38:09.588334,-1.349682
449,-1.323449,2018-04-29 11:38:09.939646,A1a4,2018-04-29 11:38:11.263095,1286,2018-04-29 11:38:09.939646,-1.323449
450,-1.582032,2018-04-29 11:38:10.006143,A1a4,2018-04-29 11:38:11.588175,1286,2018-04-29 11:38:10.006143,-1.582032
451,-1.679786,2018-04-29 11:38:10.256688,A1a4,2018-04-29 11:38:11.936474,1286,2018-04-29 11:38:10.256688,-1.679786
452,-1.683607,2018-04-29 11:38:10.577946,A1a4,2018-04-29 11:38:12.261553,1286,2018-04-29 11:38:10.577946,-1.683607
453,-1.707259,2018-04-29 11:38:10.902594,A1a4,2018-04-29 11:38:12.609853,1286,2018-04-29 11:38:10.902594,-1.707259
454,-1.6575870000000001,2018-04-29 11:38:11.277345,A1a4,2018-04-29 11:38:12.934932,1286,2018-04-29 11:38:11.277345,-1.6575870000000001
455,-1.654524,2018-04-29 11:38:11.605487,A1a4,2018-04-29 11:38:13.260011,1286,2018-04-29 11:38:11.605487,-1.654524
456,-1.693823,2018-04-29 11:38:11.914488,A1a4,2018-04-29 11:38:13.608311,1286,2018-04-29 11:38:11.914488,-1.693823
457,-1.671416,2018-04-29 11:38:12.261974,A1a4,2018-04-29 11:38:13.933390,1286,2018-04-29 11:38:12.261974,-1.671416
458,-1.639323,2018-04-29 11:38:12.619146,A1a4,2018-04-29 11:38:14.258469,1286,2018-04-29 11:38:12.619146,-1.639323
459,-1.917553,2018-04-29 11:38:12.689216,A1a4,2018-04-29 11:38:14.606769,1286,2018-04-29 11:38:12.689216,-1.917553
460,-1.996542,2018-04-29 11:38:12.935306,A1a4,2018-04-29 11:38:14.931848,1286,2018-04-29 11:38:12.935306,-1.996542
461,-1.987886,2018-04-29 11:38:13.269041,A1a4,2018-04-29 11:38:15.256927,1286,2018-04-29 11:38:13.269041,-1.987886
462,-2.011423,2018-04-29 11:38:13.593804,A1a4,2018-04-29 11:38:15.605227,1286,2018-04-29 11:38:13.593804,-2.011423
463,-2.0222390000000003,2018-04-29 11:38:13.908067,A1a4,2018-04-29 11:38:15.930306,1286,2018-04-29 11:38:13.908067,-2.0222390000000003
464,-1.974836,2018-04-29 11:38:14.280549,A1a4,2018-04-29 11:38:16.255385,1286,2018-04-29 11:38:14.280549,-1.974836
465,-2.002583,2018-04-29 11:38:14.601102,A1a4,2018-04-29 11:38:16.603685,1286,2018-04-29 11:38:14.601102,-2.002583
466,-1.9965590000000002,2018-04-29 11:38:14.932205,A1a4,2018-04-29 11:38:16.928764,1286,2018-04-29 11:38:14.932205,-1.9965590000000002
467,-1.9859820000000001,2018-04-29 11:38:15.291081,A1a4,2018-04-29 11:38:17.277063,1286,2018-04-29 11:38:15.291081,-1.9859820000000001
468,-1.9888240000000001,2018-04-29 11:38:15.613319,A1a4,2018-04-29 11:38:17.602143,1286,2018-04-29 11:38:15.613319,-1.9888240000000001
469,-1.990544,2018-04-29 11:38:15.936678,A1a4,2018-04-29 11:38:17.927222,1286,2018-04-29 11:38:15.936678,-1.990544
470,-1.979165,2018-04-29 11:38:16.296357,A1a4,2018-04-29 11:38:18.275522,1286,2018-04-29 11:38:16.296357,-1.979165
471,-1.9948000000000001,2018-04-29 11:38:16.605801,A1a4,2018-04-29 11:38:18.600601,1286,2018-04-29 11:38:16.605801,-1.9948000000000001
472,-5.341652000000001,2018-04-29 11:38:16.957875,A2b2,2018-04-29 11:38:22.299527,1286,2018-04-29 11:38:16.957875,-5.341652000000001
473,-5.6772800000000005,2018-04-29 11:38:17.272405,A2b2,2018-04-29 11:38:22.949685,1286,2018-04-29 11:38:17.272405,-5.6772800000000005
474,-6.015216000000001,2018-04-29 11:38:17.607848,A2b2,2018-04-29 11:38:23.623064,1286,2018-04-29 11:38:17.607848,-6.015216000000001
475,-6.331535000000001,2018-04-29 11:38:17.964908,A2b2,2018-04-29 11:38:24.296443,1286,2018-04-29 11:38:17.964908,-6.331535000000001
476,-6.660999,2018-04-29 11:38:18.285602,A2b2,2018-04-29 11:38:24.946601,1286,2018-04-29 11:38:18.285602,-6.660999
477,-7.016356,2018-04-29 11:38:18.603624,A2b2,2018-04-29 11:38:25.619980,1286,2018-04-29 11:38:18.603624,-7.016356
478,-4.494759,2018-04-29 11:38:21.798600,A2b2,2018-04-29 11:38:26.293359,1286,2018-04-29 11:38:21.798600,-4.494759
479,-4.512726000000001,2018-04-29 11:38:22.454012,A2b2,2018-04-29 11:38:26.966738,1286,2018-04-29 11:38:22.454012,-4.512726000000001
480,-4.611207,2018-04-29 11:38:23.005689,A2b2,2018-04-29 11:38:27.616896,1286,2018-04-29 11:38:23.005689,-4.611207
481,-4.751947,2018-04-29 11:38:23.538328,A2b2,2018-04-29 11:38:28.290275,1286,2018-04-29 11:38:23.538328,-4.751947
482,-4.771752,2018-04-29 11:38:24.191902,A2b2,2018-04-29 11:38:28.963654,1286,2018-04-29 11:38:24.191902,-4.771752
483,-4.706493,2018-04-29 11:38:24.907319,A2b2,2018-04-29 11:38:29.613812,1286,2018-04-29 11:38:24.907319,-4.706493
484,-4.7013750000000005,2018-04-29 11:38:25.585816,A2b2,2018-04-29 11:38:30.287191,1286,2018-04-29 11:38:25.585816,-4.7013750000000005
485,-4.708537000000001,2018-04-29 11:38:26.252033,A2b2,2018-04-29 11:38:30.960570,1286,2018-04-29 11:38:26.252033,-4.708537000000001
486,-4.764731,2018-04-29 11:38:26.869217,A2b2,2018-04-29 11:38:31.633948,1286,2018-04-29 11:38:26.869217,-4.764731
487,-4.71141,2018-04-29 11:38:27.572697,A2b2,2018-04-29 11:38:32.284107,1286,2018-04-29 11:38:27.572697,-4.71141
488,-4.702577000000001,2018-04-29 11:38:28.254909,A2b2,2018-04-29 11:38:32.957486,1286,2018-04-29 11:38:28.254909,-4.702577000000001
489,-4.6990810000000005,2018-04-29 11:38:28.931784,A2b2,2018-04-29 11:38:33.630865,1286,2018-04-29 11:38:28.931784,-4.6990810000000005
490,-4.673109,2018-04-29 11:38:29.607914,A2b2,2018-04-29 11:38:34.281023,1286,2018-04-29 11:38:29.607914,-4.673109
491,-4.726585,2018-04-29 11:38:30.227817,A2b2,2018-04-29 11:38:34.954402,1286,2018-04-29 11:38:30.227817,-4.726585
492,-4.716074,2018-04-29 11:38:30.911707,A2b2,2018-04-29 11:38:35.627781,1286,2018-04-29 11:38:30.911707,-4.716074
493,-9.151889,2018-04-29 11:38:31.607675,A1b3,2018-04-29 11:38:40.759564,1286,2018-04-29 11:38:31.607675,-9.151889
494,-8.632617,2018-04-29 11:38:32.266266,A1b3,2018-04-29 11:38:40.898883,1286,2018-04-29 11:38:32.266266,-8.632617
495,-8.163392,2018-04-29 11:38:32.921251,A1b3,2018-04-29 11:38:41.084643,1286,2018-04-29 11:38:32.921251,-8.163392
496,-7.742948,2018-04-29 11:38:33.597115,A1b3,2018-04-29 11:38:41.340063,1286,2018-04-29 11:38:33.597115,-7.742948
497,-7.282103,2018-04-29 11:38:34.243719,A1b3,2018-04-29 11:38:41.525822,1286,2018-04-29 11:38:34.243719,-7.282103
498,-6.8718840000000005,2018-04-29 11:38:34.909358,A1b3,2018-04-29 11:38:41.781242,1286,2018-04-29 11:38:34.909358,-6.8718840000000005
499,-6.418248,2018-04-29 11:38:35.548753,A1b3,2018-04-29 11:38:41.967001,1286,2018-04-29 11:38:35.548753,-6.418248
500,-1.566322,2018-04-29 11:38:40.865078,A1b3,2018-04-29 11:38:42.431400,1286,2018-04-29 11:38:40.865078,-1.566322
501,-1.605723,2018-04-29 11:38:41.266857,A1b3,2018-04-29 11:38:42.872580,1286,2018-04-29 11:38:41.266857,-1.605723
502,-1.7261410000000001,2018-04-29 11:38:41.587618,A1b3,2018-04-29 11:38:43.313759,1286,2018-04-29 11:38:41.587618,-1.7261410000000001
503,-1.5940770000000002,2018-04-29 11:38:41.975101,A1b3,2018-04-29 11:38:43.569178,1286,2018-04-29 11:38:41.975101,-1.5940770000000002
504,-1.3182010000000002,2018-04-29 11:38:42.436737,A1b3,2018-04-29 11:38:43.754938,1286,2018-04-29 11:38:42.436737,-1.3182010000000002
505,-1.1330060000000002,2018-04-29 11:38:42.877351,A1b3,2018-04-29 11:38:44.010357,1286,2018-04-29 11:38:42.877351,-1.1330060000000002
506,-0.853844,2018-04-29 11:38:43.342273,A1b3,2018-04-29 11:38:44.196117,1286,2018-04-29 11:38:43.342273,-0.853844
507,-0.64954,2018-04-29 11:38:43.801997,A1b3,2018-04-29 11:38:44.451537,1286,2018-04-29 11:38:43.801997,-0.64954
508,-0.42347700000000005,2018-04-29 11:38:44.213819,A1b3,2018-04-29 11:38:44.637296,1286,2018-04-29 11:38:44.213819,-0.42347700000000005
509,-0.22626200000000002,2018-04-29 11:38:44.666454,A1b3,2018-04-29 11:38:44.892716,1286,2018-04-29 11:38:44.666454,-0.22626200000000002
510,0.046597,2018-04-29 11:38:45.125072,A1b3,2018-04-29 11:38:45.078475,1286,2018-04-29 11:38:45.125072,0.046597
511,0.037979000000000006,2018-04-29 11:38:45.557633,A1b3,2018-04-29 11:38:45.519654,1286,2018-04-29 11:38:45.557633,0.037979000000000006
512,0.062985,2018-04-29 11:38:46.047039,A1b3,2018-04-29 11:38:45.984054,1286,2018-04-29 11:38:46.047039,0.062985
513,0.027090000000000003,2018-04-29 11:38:46.452323,A1b3,2018-04-29 11:38:46.425233,1286,2018-04-29 11:38:46.452323,0.027090000000000003
514,0.19925,2018-04-29 11:38:46.879902,A1b3,2018-04-29 11:38:46.680652,1286,2018-04-29 11:38:46.452323,-0.228329
515,0.46567200000000003,2018-04-29 11:38:47.332084,A1b3,2018-04-29 11:38:46.866412,1286,2018-04-29 11:38:46.879902,0.01349
516,0.645058,2018-04-29 11:38:47.766889,A1b3,2018-04-29 11:38:47.121831,1286,2018-04-29 11:38:47.332084,0.21025300000000002
517,0.8999220000000001,2018-04-29 11:38:48.207513,A1b3,2018-04-29 11:38:47.307591,1286,2018-04-29 11:38:47.766889,0.45929800000000004
518,1.110811,2018-04-29 11:38:48.673821,A1b3,2018-04-29 11:38:47.563010,1286,2018-04-29 11:38:48.207513,0.644503
519,1.347161,2018-04-29 11:38:49.095931,A1b3,2018-04-29 11:38:47.748770,1286,2018-04-29 11:38:48.673821,0.9250510000000001
520,1.5286890000000002,2018-04-29 11:38:49.532879,A1b3,2018-04-29 11:38:48.004190,1286,2018-04-29 11:38:49.095931,1.091741
521,1.8001330000000002,2018-04-29 11:38:49.990082,A1b3,2018-04-29 11:38:48.189949,1286,2018-04-29 11:38:49.532879,1.3429300000000002
522,1.7981960000000001,2018-04-29 11:38:50.429324,A1b3,2018-04-29 11:38:48.631128,1286,2018-04-29 11:38:49.990082,1.358954
523,1.7404750000000002,2018-04-29 11:38:50.836002,A1b3,2018-04-29 11:38:49.095527,1286,2018-04-29 11:38:50.429324,1.3337970000000001
524,1.748301,2018-04-29 11:38:51.285008,A1b3,2018-04-29 11:38:49.536707,1286,2018-04-29 11:38:50.836002,1.299295
525,4.947873,2018-04-29 11:38:54.739999,A1b3,2018-04-29 11:38:49.792126,1286,2018-04-29 11:38:51.285008,1.492882
526,6.108702,2018-04-29 11:38:56.086588,A1b3,2018-04-29 11:38:49.977886,1286,2018-04-29 11:38:54.739999,4.762113
527,7.048608000000001,2018-04-29 11:38:57.281913,A1b3,2018-04-29 11:38:50.233305,1286,2018-04-29 11:38:56.086588,5.853283
528,8.224682000000001,2018-04-29 11:38:58.643747,A1b3,2018-04-29 11:38:50.419065,1286,2018-04-29 11:38:57.281913,6.8628480000000005
529,9.18743,2018-04-29 11:38:59.861914,A1b3,2018-04-29 11:38:50.674484,1286,2018-04-29 11:38:58.643747,7.969263000000001
530,10.325834,2018-04-29 11:39:01.186078,A1b3,2018-04-29 11:38:50.860244,1286,2018-04-29 11:38:59.861914,9.00167
531,11.399528,2018-04-29 11:39:02.515192,A1b3,2018-04-29 11:38:51.115664,1286,2018-04-29 11:39:01.186078,10.070414000000001
532,8.001174,2018-04-29 11:39:03.887896,A1b1,2018-04-29 11:38:55.886722,1286,2018-04-29 11:39:02.515192,6.62847
533,8.027612000000001,2018-04-29 11:39:05.261092,A1b1,2018-04-29 11:38:57.233480,1286,2018-04-29 11:39:03.887896,6.654416
534,7.961803000000001,2018-04-29 11:39:06.518820,A1b1,2018-04-29 11:38:58.557017,1286,2018-04-29 11:39:05.261092,6.7040750000000005
535,7.981961,2018-04-29 11:39:07.885736,A1b1,2018-04-29 11:38:59.903775,1286,2018-04-29 11:39:06.518820,6.615045
536,8.017528,2018-04-29 11:39:09.244840,A1b1,2018-04-29 11:39:01.227312,1286,2018-04-29 11:39:07.885736,6.658424
537,7.96752,2018-04-29 11:39:10.518369,A1b1,2018-04-29 11:39:02.550849,1286,2018-04-29 11:39:09.244840,6.6939910000000005
538,7.971461000000001,2018-04-29 11:39:11.869068,A1b1,2018-04-29 11:39:03.897607,1286,2018-04-29 11:39:10.518369,6.620762
539,8.012801,2018-04-29 11:39:13.233945,A1b1,2018-04-29 11:39:05.221144,1286,2018-04-29 11:39:11.869068,6.647924000000001
540,8.048966,2018-04-29 11:39:14.616868,A1b1,2018-04-29 11:39:06.567902,1286,2018-04-29 11:39:13.233945,6.666043
541,8.026236,2018-04-29 11:39:15.917675,A1b1,2018-04-29 11:39:07.891439,1286,2018-04-29 11:39:14.616868,6.725429
542,7.998705,2018-04-29 11:39:17.236901,A1b1,2018-04-29 11:39:09.238196,1286,2018-04-29 11:39:15.917675,6.679479000000001
543,8.040119,2018-04-29 11:39:18.601853,A1b1,2018-04-29 11:39:10.561734,1286,2018-04-29 11:39:17.236901,6.675167
544,8.079009000000001,2018-04-29 11:39:19.964280,A1b1,2018-04-29 11:39:11.885271,1286,2018-04-29 11:39:18.601853,6.716582000000001
545,7.995722000000001,2018-04-29 11:39:21.227750,A1b1,2018-04-29 11:39:13.232028,1286,2018-04-29 11:39:19.964280,6.732252000000001
546,7.993384000000001,2018-04-29 11:39:22.548950,A1b1,2018-04-29 11:39:14.555566,1286,2018-04-29 11:39:21.227750,6.672184000000001
547,8.015986,2018-04-29 11:39:23.918309,A1b1,2018-04-29 11:39:15.902323,1286,2018-04-29 11:39:22.548950,6.6466270000000005
548,7.991564,2018-04-29 11:39:25.217425,A1b1,2018-04-29 11:39:17.225861,1286,2018-04-29 11:39:23.918309,6.692448000000001
549,7.976124,2018-04-29 11:39:26.525522,A1b1,2018-04-29 11:39:18.549398,1286,2018-04-29 11:39:25.217425,6.668027
550,10.138982,2018-04-29 11:39:30.035137,A1b1,2018-04-29 11:39:19.896155,1286,2018-04-29 11:39:26.525522,6.629367
551,8.899978,2018-04-29 11:39:30.119671,A1b1,2018-04-29 11:39:21.219693,1286,2018-04-29 11:39:30.035137,8.815444000000001
552,8.70524,2018-04-29 11:39:31.271690,A1b1,2018-04-29 11:39:22.566450,1286,2018-04-29 11:39:30.119671,7.553221000000001
553,8.724058000000001,2018-04-29 11:39:32.614046,A1b1,2018-04-29 11:39:23.889988,1286,2018-04-29 11:39:31.271690,7.381702000000001
554,8.59229,2018-04-29 11:39:33.829035,A1b1,2018-04-29 11:39:25.236745,1286,2018-04-29 11:39:32.614046,7.377301
555,3.943175,2018-04-29 11:39:35.059782,A4a1,2018-04-29 11:39:31.116607,1286,2018-04-29 11:39:33.829035,2.712428
556,3.5623620000000003,2018-04-29 11:39:36.025727,A4a1,2018-04-29 11:39:32.463365,1286,2018-04-29 11:39:35.059782,2.596417
557,3.474635,2018-04-29 11:39:37.261537,A4a1,2018-04-29 11:39:33.786902,1286,2018-04-29 11:39:36.025727,2.2388250000000003
558,4.499632,2018-04-29 11:39:39.424312,A4a1,2018-04-29 11:39:34.924680,1286,2018-04-29 11:39:37.261537,2.336857
559,4.564977,2018-04-29 11:39:40.557775,A4a1,2018-04-29 11:39:35.992798,1286,2018-04-29 11:39:39.424312,3.4315140000000004
560,4.008807,2018-04-29 11:39:41.510902,A4a1,2018-04-29 11:39:37.502095,1286,2018-04-29 11:39:40.557775,3.05568
561,3.2474670000000003,2018-04-29 11:39:42.537498,A4a1,2018-04-29 11:39:39.290031,1286,2018-04-29 11:39:41.510902,2.2208710000000003
562,3.388202,2018-04-29 11:39:43.792791,A4a1,2018-04-29 11:39:40.404589,1286,2018-04-29 11:39:42.537498,2.132909
563,4.117850000000001,2018-04-29 11:39:45.544117,A4a1,2018-04-29 11:39:41.426267,1286,2018-04-29 11:39:43.792791,2.366524
564,4.1171940000000005,2018-04-29 11:39:46.588359,A4a1,2018-04-29 11:39:42.471165,1286,2018-04-29 11:39:45.544117,3.0729520000000003
565,3.624333,2018-04-29 11:39:47.744115,A4a1,2018-04-29 11:39:44.119782,1286,2018-04-29 11:39:46.588359,2.4685770000000002
566,4.435996,2018-04-29 11:39:49.925755,A4a1,2018-04-29 11:39:45.489759,1286,2018-04-29 11:39:47.744115,2.254356
567,4.683877000000001,2018-04-29 11:39:51.218534,A4a1,2018-04-29 11:39:46.534657,1286,2018-04-29 11:39:49.925755,3.3910980000000004
568,4.336568000000001,2018-04-29 11:39:52.426962,A4a1,2018-04-29 11:39:48.090394,1286,2018-04-29 11:39:51.218534,3.12814
569,3.3733470000000003,2018-04-29 11:39:53.367777,A4a1,2018-04-29 11:39:49.994430,1286,2018-04-29 11:39:52.426962,2.432532
570,2.178064,2018-04-29 11:39:53.426372,A4a1,2018-04-29 11:39:51.248308,1286,2018-04-29 11:39:53.367777,2.119469
571,2.923541,2018-04-29 11:39:55.216747,A4a1,2018-04-29 11:39:52.293206,1286,2018-04-29 11:39:53.426372,1.1331660000000001
572,2.601893,2018-04-29 11:39:56.102537,A4a1,2018-04-29 11:39:53.500644,1286,2018-04-29 11:39:55.216747,1.7161030000000002
573,2.6620120000000003,2018-04-29 11:39:57.509413,A4a1,2018-04-29 11:39:54.847401,1286,2018-04-29 11:39:56.102537,1.255136
574,8.747227,2018-04-29 11:40:04.918165,A4a1,2018-04-29 11:39:56.170938,1286,2018-04-29 11:39:57.509413,1.338475
575,7.823215,2018-04-29 11:40:05.317691,A4a1,2018-04-29 11:39:57.494476,1286,2018-04-29 11:40:04.918165,7.423689
576,0.8523130000000001,2018-04-29 11:40:05.640992,A3b3,2018-04-29 11:40:04.788679,1286,2018-04-29 11:40:05.317691,0.529012
577,1.057776,2018-04-29 11:40:05.985774,A3b3,2018-04-29 11:40:04.927998,1286,2018-04-29 11:40:05.640992,0.712994
578,1.024712,2018-04-29 11:40:06.138470,A3b3,2018-04-29 11:40:05.113758,1286,2018-04-29 11:40:05.985774,0.872016
579,1.0196830000000001,2018-04-29 11:40:06.365641,A3b3,2018-04-29 11:40:05.345958,1286,2018-04-29 11:40:06.138470,0.792512
580,1.040046,2018-04-29 11:40:06.548543,A3b3,2018-04-29 11:40:05.508497,1286,2018-04-29 11:40:06.365641,0.857144
581,1.02367,2018-04-29 11:40:06.764367,A3b3,2018-04-29 11:40:05.740697,1286,2018-04-29 11:40:06.548543,0.8078460000000001
582,1.258223,2018-04-29 11:40:07.184680,A3b3,2018-04-29 11:40:05.926457,1286,2018-04-29 11:40:06.764367,0.83791
583,1.5230460000000001,2018-04-29 11:40:07.681702,A3b3,2018-04-29 11:40:06.158656,1286,2018-04-29 11:40:07.184680,1.026024
584,1.843372,2018-04-29 11:40:08.164568,A3b3,2018-04-29 11:40:06.321196,1286,2018-04-29 11:40:07.681702,1.360506
585,2.088489,2018-04-29 11:40:08.641884,A3b3,2018-04-29 11:40:06.553395,1286,2018-04-29 11:40:08.164568,1.6111730000000002
586,2.0530790000000003,2018-04-29 11:40:08.792234,A3b3,2018-04-29 11:40:06.739155,1286,2018-04-29 11:40:08.641884,1.9027290000000001
587,2.1447100000000003,2018-04-29 11:40:09.139284,A3b3,2018-04-29 11:40:06.994574,1286,2018-04-29 11:40:08.792234,1.79766
588,2.4251940000000003,2018-04-29 11:40:09.628748,A3b3,2018-04-29 11:40:07.203554,1286,2018-04-29 11:40:09.139284,1.9357300000000002
589,2.4606160000000004,2018-04-29 11:40:10.128569,A3b3,2018-04-29 11:40:07.667953,1286,2018-04-29 11:40:09.628748,1.960795
590,2.355131,2018-04-29 11:40:10.533923,A3b3,2018-04-29 11:40:08.178792,1286,2018-04-29 11:40:10.128569,1.949777
591,2.256742,2018-04-29 11:40:10.923153,A3b3,2018-04-29 11:40:08.666411,1286,2018-04-29 11:40:10.533923,1.867512
592,2.234267,2018-04-29 11:40:11.388297,A3b3,2018-04-29 11:40:09.154030,1286,2018-04-29 11:40:10.923153,1.769123
593,2.254138,2018-04-29 11:40:11.872567,A3b3,2018-04-29 11:40:09.618429,1286,2018-04-29 11:40:11.388297,1.7698680000000002
594,2.3180620000000003,2018-04-29 11:40:12.400890,A3b3,2018-04-29 11:40:10.082828,1286,2018-04-29 11:40:11.872567,1.7897390000000002
595,2.594233,2018-04-29 11:40:12.909261,A3b3,2018-04-29 11:40:10.315028,1286,2018-04-29 11:40:12.400890,2.085862
596,2.8096650000000003,2018-04-29 11:40:13.310453,A3b3,2018-04-29 11:40:10.500788,1286,2018-04-29 11:40:12.909261,2.4084730000000003
597,2.789908,2018-04-29 11:40:13.731875,A3b3,2018-04-29 11:40:10.941967,1286,2018-04-29 11:40:13.310453,2.3684860000000003
598,2.6762360000000003,2018-04-29 11:40:14.105822,A3b3,2018-04-29 11:40:11.429586,1286,2018-04-29 11:40:13.731875,2.302289
599,3.00596,2018-04-29 11:40:14.551646,A3b3,2018-04-29 11:40:11.545686,1286,2018-04-29 11:40:14.105822,2.560136
600,3.0484750000000003,2018-04-29 11:40:14.965680,A3b3,2018-04-29 11:40:11.917205,1286,2018-04-29 11:40:14.551646,2.6344410000000003
601,2.982218,2018-04-29 11:40:15.387042,A3b3,2018-04-29 11:40:12.404824,1286,2018-04-29 11:40:14.965680,2.5608560000000002
602,6.117297000000001,2018-04-29 11:40:18.638221,A3b3,2018-04-29 11:40:12.520924,1286,2018-04-29 11:40:15.387042,2.866118
603,6.042608,2018-04-29 11:40:18.911831,A3b3,2018-04-29 11:40:12.869223,1286,2018-04-29 11:40:18.638221,5.768998000000001
604,5.892377000000001,2018-04-29 11:40:19.179559,A3b3,2018-04-29 11:40:13.287182,1286,2018-04-29 11:40:18.911831,5.624649000000001
605,5.9179010000000005,2018-04-29 11:40:19.437283,A3b3,2018-04-29 11:40:13.519382,1286,2018-04-29 11:40:19.179559,5.660177
606,6.036654,2018-04-29 11:40:19.741795,A3b3,2018-04-29 11:40:13.705141,1286,2018-04-29 11:40:19.437283,5.7321420000000005
607,6.092783000000001,2018-04-29 11:40:20.030124,A3b3,2018-04-29 11:40:13.937341,1286,2018-04-29 11:40:19.741795,5.804454000000001
608,6.237216,2018-04-29 11:40:20.337097,A3b3,2018-04-29 11:40:14.099881,1286,2018-04-29 11:40:20.030124,5.930243
609,6.293856000000001,2018-04-29 11:40:20.625936,A3b3,2018-04-29 11:40:14.332080,1286,2018-04-29 11:40:20.337097,6.0050170000000005
610,6.441257,2018-04-29 11:40:20.959097,A3b3,2018-04-29 11:40:14.517840,1286,2018-04-29 11:40:20.625936,6.108096000000001
611,6.569394000000001,2018-04-29 11:40:21.319433,A3b3,2018-04-29 11:40:14.750039,1286,2018-04-29 11:40:20.959097,6.209058000000001
612,6.718395,2018-04-29 11:40:21.654194,A3b3,2018-04-29 11:40:14.935799,1286,2018-04-29 11:40:21.319433,6.383634000000001
613,6.798351,2018-04-29 11:40:21.989569,A3b3,2018-04-29 11:40:15.191218,1286,2018-04-29 11:40:21.654194,6.462976
614,3.6371510000000002,2018-04-29 11:40:22.372285,A4a4,2018-04-29 11:40:18.735134,1286,2018-04-29 11:40:21.989569,3.2544350000000004
615,3.6501430000000004,2018-04-29 11:40:22.710357,A4a4,2018-04-29 11:40:19.060214,1286,2018-04-29 11:40:22.372285,3.312071
616,3.698557,2018-04-29 11:40:23.060630,A4a4,2018-04-29 11:40:19.362073,1286,2018-04-29 11:40:22.710357,3.348284
617,3.6973000000000003,2018-04-29 11:40:23.384452,A4a4,2018-04-29 11:40:19.687152,1286,2018-04-29 11:40:23.060630,3.3734780000000004
618,3.726839,2018-04-29 11:40:23.715851,A4a4,2018-04-29 11:40:19.989012,1286,2018-04-29 11:40:23.384452,3.3954400000000002
619,3.7464350000000004,2018-04-29 11:40:24.037306,A4a4,2018-04-29 11:40:20.290871,1286,2018-04-29 11:40:23.715851,3.42498
620,3.712774,2018-04-29 11:40:24.328725,A4a4,2018-04-29 11:40:20.615951,1286,2018-04-29 11:40:24.037306,3.421355
621,3.6764650000000003,2018-04-29 11:40:24.640715,A4a4,2018-04-29 11:40:20.964250,1286,2018-04-29 11:40:24.328725,3.364475
622,3.673639,2018-04-29 11:40:24.962968,A4a4,2018-04-29 11:40:21.289329,1286,2018-04-29 11:40:24.640715,3.351386
623,3.700448,2018-04-29 11:40:25.361297,A4a4,2018-04-29 11:40:21.660849,1286,2018-04-29 11:40:24.962968,3.3021190000000002
624,7.565417,2018-04-29 11:40:29.574565,A4a4,2018-04-29 11:40:22.009148,1286,2018-04-29 11:40:25.361297,3.3521490000000003
625,8.263366000000001,2018-04-29 11:40:30.620813,A4a4,2018-04-29 11:40:22.357447,1286,2018-04-29 11:40:29.574565,7.217118
626,8.986133,2018-04-29 11:40:31.691880,A4a4,2018-04-29 11:40:22.705747,1286,2018-04-29 11:40:30.620813,7.915066
627,9.694798,2018-04-29 11:40:32.748844,A4a4,2018-04-29 11:40:23.054046,1286,2018-04-29 11:40:31.691880,8.637834
628,11.053419,2018-04-29 11:40:34.432544,A4a4,2018-04-29 11:40:23.379125,1286,2018-04-29 11:40:32.748844,9.369719
629,12.495834,2018-04-29 11:40:36.200039,A4a4,2018-04-29 11:40:23.704205,1286,2018-04-29 11:40:34.432544,10.728339
630,13.181215000000002,2018-04-29 11:40:37.187279,A4a4,2018-04-29 11:40:24.006064,1286,2018-04-29 11:40:36.200039,12.193975
631,13.938823000000001,2018-04-29 11:40:38.246746,A4a4,2018-04-29 11:40:24.307923,1286,2018-04-29 11:40:37.187279,12.879356000000001
632,15.275615,2018-04-29 11:40:39.908618,A4a4,2018-04-29 11:40:24.633003,1286,2018-04-29 11:40:38.246746,13.613743000000001
633,16.272211000000002,2018-04-29 11:40:41.253513,A4a4,2018-04-29 11:40:24.981302,1286,2018-04-29 11:40:39.908618,14.927316000000001
634,16.971248000000003,2018-04-29 11:40:42.300849,A4a4,2018-04-29 11:40:25.329601,1286,2018-04-29 11:40:41.253513,15.923912000000001
635,12.764442,2018-04-29 11:40:43.296467,A3a1,2018-04-29 11:40:30.532025,1286,2018-04-29 11:40:42.300849,11.768824
636,14.013559,2018-04-29 11:40:45.613702,A3a1,2018-04-29 11:40:31.600143,1286,2018-04-29 11:40:43.296467,11.696324
637,13.878741000000002,2018-04-29 11:40:47.011401,A3a1,2018-04-29 11:40:33.132660,1286,2018-04-29 11:40:45.613702,12.481042
638,13.142722000000001,2018-04-29 11:40:48.040098,A3a1,2018-04-29 11:40:34.897376,1286,2018-04-29 11:40:47.011401,12.114025000000002
639,13.253486,2018-04-29 11:40:49.288640,A3a1,2018-04-29 11:40:36.035154,1286,2018-04-29 11:40:48.040098,12.004944
640,15.708242,2018-04-29 11:40:52.741854,A3a1,2018-04-29 11:40:37.033612,1286,2018-04-29 11:40:49.288640,12.255028000000001
641,14.969583,2018-04-29 11:40:53.048093,A3a1,2018-04-29 11:40:38.078510,1286,2018-04-29 11:40:52.741854,14.663344
642,13.536978000000001,2018-04-29 11:40:53.287325,A3a1,2018-04-29 11:40:39.750347,1286,2018-04-29 11:40:53.048093,13.297746
643,12.464304,2018-04-29 11:40:53.561408,A3a1,2018-04-29 11:40:41.097104,1286,2018-04-29 11:40:53.287325,12.190221000000001
644,11.746298000000001,2018-04-29 11:40:53.911520,A3a1,2018-04-29 11:40:42.165222,1286,2018-04-29 11:40:53.561408,11.396186
645,10.540754000000002,2018-04-29 11:40:54.261713,A3a1,2018-04-29 11:40:43.720959,1286,2018-04-29 11:40:53.911520,10.190561
646,9.020986,2018-04-29 11:40:54.622761,A3a1,2018-04-29 11:40:45.601775,1286,2018-04-29 11:40:54.261713,8.659938
647,8.092432,2018-04-29 11:40:54.924865,A3a1,2018-04-29 11:40:46.832433,1286,2018-04-29 11:40:54.622761,7.790328000000001
648,7.408337,2018-04-29 11:40:55.262448,A3a1,2018-04-29 11:40:47.854111,1286,2018-04-29 11:40:54.924865,7.070754000000001
649,6.490516,2018-04-29 11:40:55.598505,A3a1,2018-04-29 11:40:49.107989,1286,2018-04-29 11:40:55.262448,6.154459
650,3.054233,2018-04-29 11:40:55.941911,A2b4,2018-04-29 11:40:52.887678,1286,2018-04-29 11:40:55.598505,2.710827
651,3.0503400000000003,2018-04-29 11:40:56.286318,A2b4,2018-04-29 11:40:53.235978,1286,2018-04-29 11:40:55.941911,2.7059330000000004
652,3.0151090000000003,2018-04-29 11:40:56.576166,A2b4,2018-04-29 11:40:53.561057,1286,2018-04-29 11:40:56.286318,2.725261
653,3.041014,2018-04-29 11:40:56.927150,A2b4,2018-04-29 11:40:53.886136,1286,2018-04-29 11:40:56.576166,2.69003
654,3.019283,2018-04-29 11:40:57.253719,A2b4,2018-04-29 11:40:54.234436,1286,2018-04-29 11:40:56.927150,2.692714
655,3.015197,2018-04-29 11:40:57.574712,A2b4,2018-04-29 11:40:54.559515,1286,2018-04-29 11:40:57.253719,2.694204
656,3.024118,2018-04-29 11:40:57.908712,A2b4,2018-04-29 11:40:54.884594,1286,2018-04-29 11:40:57.574712,2.690118
657,2.987422,2018-04-29 11:40:58.220316,A2b4,2018-04-29 11:40:55.232894,1286,2018-04-29 11:40:57.908712,2.675818
658,2.9973590000000003,2018-04-29 11:40:58.555332,A2b4,2018-04-29 11:40:55.557973,1286,2018-04-29 11:40:58.220316,2.6623430000000003
659,3.0126920000000004,2018-04-29 11:40:58.918964,A2b4,2018-04-29 11:40:55.906272,1286,2018-04-29 11:40:58.555332,2.64906
660,3.0316520000000002,2018-04-29 11:40:59.263004,A2b4,2018-04-29 11:40:56.231352,1286,2018-04-29 11:40:58.918964,2.687612
661,3.0456610000000004,2018-04-29 11:40:59.602092,A2b4,2018-04-29 11:40:56.556431,1286,2018-04-29 11:40:59.263004,2.706573
662,6.915032,2018-04-29 11:41:03.819762,A2b4,2018-04-29 11:40:56.904730,1286,2018-04-29 11:40:59.602092,2.697362
663,7.248690000000001,2018-04-29 11:41:04.478500,A2b4,2018-04-29 11:40:57.229810,1286,2018-04-29 11:41:03.819762,6.589952
664,7.560717,2018-04-29 11:41:05.115606,A2b4,2018-04-29 11:40:57.554889,1286,2018-04-29 11:41:04.478500,6.923611
665,7.782079,2018-04-29 11:41:05.685268,A2b4,2018-04-29 11:40:57.903189,1286,2018-04-29 11:41:05.115606,7.212417
666,7.559132000000001,2018-04-29 11:41:05.787400,A2b4,2018-04-29 11:40:58.228268,1286,2018-04-29 11:41:05.685268,7.457000000000001
667,7.783184,2018-04-29 11:41:06.336531,A2b4,2018-04-29 11:40:58.553347,1286,2018-04-29 11:41:05.787400,7.234053
668,7.985452,2018-04-29 11:41:06.887099,A2b4,2018-04-29 11:40:58.901647,1286,2018-04-29 11:41:06.336531,7.434884
669,8.206654,2018-04-29 11:41:07.433380,A2b4,2018-04-29 11:40:59.226726,1286,2018-04-29 11:41:06.887099,7.660373000000001
670,8.329109,2018-04-29 11:41:07.880914,A2b4,2018-04-29 11:40:59.551805,1286,2018-04-29 11:41:07.433380,7.881575000000001
671,4.130952000000001,2018-04-29 11:41:08.449127,A4a2,2018-04-29 11:41:04.318175,1286,2018-04-29 11:41:07.880914,3.562739
672,3.981624,2018-04-29 11:41:08.949957,A4a2,2018-04-29 11:41:04.968333,1286,2018-04-29 11:41:08.449127,3.4807940000000004
673,3.8466380000000004,2018-04-29 11:41:09.488350,A4a2,2018-04-29 11:41:05.641712,1286,2018-04-29 11:41:08.949957,3.3082450000000003
674,3.801149,2018-04-29 11:41:10.046580,A4a2,2018-04-29 11:41:06.245431,1286,2018-04-29 11:41:09.488350,3.242919
675,3.8231370000000005,2018-04-29 11:41:10.672287,A4a2,2018-04-29 11:41:06.849150,1286,2018-04-29 11:41:10.046580,3.19743
676,4.030775,2018-04-29 11:41:11.576523,A4a2,2018-04-29 11:41:07.545748,1286,2018-04-29 11:41:10.672287,3.126539
677,3.789871,2018-04-29 11:41:12.101878,A4a2,2018-04-29 11:41:08.312007,1286,2018-04-29 11:41:11.576523,3.2645160000000004
678,3.78304,2018-04-29 11:41:12.698766,A4a2,2018-04-29 11:41:08.915726,1286,2018-04-29 11:41:12.101878,3.1861520000000003
679,4.0212460000000005,2018-04-29 11:41:13.494251,A4a2,2018-04-29 11:41:09.473005,1286,2018-04-29 11:41:12.698766,3.2257610000000003
680,4.107837,2018-04-29 11:41:14.184560,A4a2,2018-04-29 11:41:10.076723,1286,2018-04-29 11:41:13.494251,3.4175280000000003
681,3.9670520000000002,2018-04-29 11:41:14.763594,A4a2,2018-04-29 11:41:10.796542,1286,2018-04-29 11:41:14.184560,3.388018
682,3.8076960000000004,2018-04-29 11:41:15.277617,A4a2,2018-04-29 11:41:11.469921,1286,2018-04-29 11:41:14.763594,3.293673
683,3.9187450000000004,2018-04-29 11:41:15.992384,A4a2,2018-04-29 11:41:12.073639,1286,2018-04-29 11:41:15.277617,3.203978
684,3.9149040000000004,2018-04-29 11:41:16.685142,A4a2,2018-04-29 11:41:12.770238,1286,2018-04-29 11:41:15.992384,3.2221460000000004
685,3.8191620000000004,2018-04-29 11:41:17.378879,A4a2,2018-04-29 11:41:13.559717,1286,2018-04-29 11:41:16.685142,3.1254250000000003
686,8.524427000000001,2018-04-29 11:41:22.687862,A4a2,2018-04-29 11:41:14.163435,1286,2018-04-29 11:41:17.378879,3.215444
687,9.127857,2018-04-29 11:41:23.871791,A4a2,2018-04-29 11:41:14.743934,1286,2018-04-29 11:41:22.687862,7.9439280000000005
688,9.774591000000001,2018-04-29 11:41:25.191904,A4a2,2018-04-29 11:41:15.417313,1286,2018-04-29 11:41:23.871791,8.454478
689,10.326469000000001,2018-04-29 11:41:26.393941,A4a2,2018-04-29 11:41:16.067472,1286,2018-04-29 11:41:25.191904,9.124432
690,11.082308000000001,2018-04-29 11:41:27.823158,A4a2,2018-04-29 11:41:16.740850,1286,2018-04-29 11:41:26.393941,9.653091
691,11.661782,2018-04-29 11:41:29.076011,A4a2,2018-04-29 11:41:17.414229,1286,2018-04-29 11:41:27.823158,10.408929
692,6.6201490000000005,2018-04-29 11:41:30.404067,A1a1,2018-04-29 11:41:23.783918,1286,2018-04-29 11:41:29.076011,5.292093
693,6.636864,2018-04-29 11:41:31.744320,A1a1,2018-04-29 11:41:25.107456,1286,2018-04-29 11:41:30.404067,5.296611
694,6.671655,2018-04-29 11:41:33.125868,A1a1,2018-04-29 11:41:26.454213,1286,2018-04-29 11:41:31.744320,5.290107
695,6.590823,2018-04-29 11:41:34.368574,A1a1,2018-04-29 11:41:27.777751,1286,2018-04-29 11:41:33.125868,5.348117
696,6.519666000000001,2018-04-29 11:41:35.644174,A1a1,2018-04-29 11:41:29.124508,1286,2018-04-29 11:41:34.368574,5.244066
697,6.651610000000001,2018-04-29 11:41:37.099655,A1a1,2018-04-29 11:41:30.448045,1286,2018-04-29 11:41:35.644174,5.196129
698,6.558556,2018-04-29 11:41:38.353359,A1a1,2018-04-29 11:41:31.794803,1286,2018-04-29 11:41:37.099655,5.304852
699,6.613641,2018-04-29 11:41:39.731981,A1a1,2018-04-29 11:41:33.118340,1286,2018-04-29 11:41:38.353359,5.235019
700,6.6257,2018-04-29 11:41:41.067578,A1a1,2018-04-29 11:41:34.441878,1286,2018-04-29 11:41:39.731981,5.290103
701,6.597201,2018-04-29 11:41:42.385836,A1a1,2018-04-29 11:41:35.788635,1286,2018-04-29 11:41:41.067578,5.278943
702,8.828826000000001,2018-04-29 11:41:45.940998,A1a1,2018-04-29 11:41:37.112172,1286,2018-04-29 11:41:42.385836,5.273664
703,8.049424,2018-04-29 11:41:46.508354,A1a1,2018-04-29 11:41:38.458930,1286,2018-04-29 11:41:45.940998,7.482068000000001
704,7.324638,2018-04-29 11:41:47.107105,A1a1,2018-04-29 11:41:39.782467,1286,2018-04-29 11:41:46.508354,6.725887
705,6.525653,2018-04-29 11:41:47.654877,A1a1,2018-04-29 11:41:41.129224,1286,2018-04-29 11:41:47.107105,5.977881
706,5.855529000000001,2018-04-29 11:41:48.308291,A1a1,2018-04-29 11:41:42.452762,1286,2018-04-29 11:41:47.654877,5.202115
707,2.0688560000000003,2018-04-29 11:41:48.401889,A4b2,2018-04-29 11:41:46.333033,1286,2018-04-29 11:41:48.308291,1.9752580000000002
708,1.966026,2018-04-29 11:41:48.949217,A4b2,2018-04-29 11:41:46.983191,1286,2018-04-29 11:41:48.401889,1.418698
709,1.836284,2018-04-29 11:41:49.492854,A4b2,2018-04-29 11:41:47.656570,1286,2018-04-29 11:41:48.949217,1.292647
710,2.2407060000000003,2018-04-29 11:41:50.500995,A4b2,2018-04-29 11:41:48.260289,1286,2018-04-29 11:41:49.492854,1.2325650000000001
711,2.222446,2018-04-29 11:41:51.086454,A4b2,2018-04-29 11:41:48.864008,1286,2018-04-29 11:41:50.500995,1.6369870000000002
712,2.004455,2018-04-29 11:41:51.565061,A4b2,2018-04-29 11:41:49.560606,1286,2018-04-29 11:41:51.086454,1.525848
713,1.757244,2018-04-29 11:41:52.084109,A4b2,2018-04-29 11:41:50.326865,1286,2018-04-29 11:41:51.565061,1.238196
714,1.7415770000000002,2018-04-29 11:41:52.672161,A4b2,2018-04-29 11:41:50.930584,1286,2018-04-29 11:41:52.084109,1.1535250000000001
715,2.135073,2018-04-29 11:41:53.646156,A4b2,2018-04-29 11:41:51.511083,1286,2018-04-29 11:41:52.672161,1.161078
716,2.006575,2018-04-29 11:41:54.098156,A4b2,2018-04-29 11:41:52.091581,1286,2018-04-29 11:41:53.646156,1.554575
717,1.894864,2018-04-29 11:41:54.706264,A4b2,2018-04-29 11:41:52.811400,1286,2018-04-29 11:41:54.098156,1.286756
718,1.9555840000000002,2018-04-29 11:41:55.440363,A4b2,2018-04-29 11:41:53.484779,1286,2018-04-29 11:41:54.706264,1.2214850000000002
719,2.115287,2018-04-29 11:41:56.203784,A4b2,2018-04-29 11:41:54.088497,1286,2018-04-29 11:41:55.440363,1.351866
720,1.996906,2018-04-29 11:41:56.782002,A4b2,2018-04-29 11:41:54.785096,1286,2018-04-29 11:41:56.203784,1.4186880000000002
721,1.791849,2018-04-29 11:41:57.366424,A4b2,2018-04-29 11:41:55.574575,1286,2018-04-29 11:41:56.782002,1.207427
722,1.855155,2018-04-29 11:41:58.033448,A4b2,2018-04-29 11:41:56.178293,1286,2018-04-29 11:41:57.366424,1.188131
723,1.940503,2018-04-29 11:41:58.722515,A4b2,2018-04-29 11:41:56.782012,1286,2018-04-29 11:41:58.033448,1.251436
724,2.0064360000000003,2018-04-29 11:41:59.438607,A4b2,2018-04-29 11:41:57.432171,1286,2018-04-29 11:41:58.722515,1.2903440000000002
725,6.643096000000001,2018-04-29 11:42:04.725426,A4b2,2018-04-29 11:41:58.082330,1286,2018-04-29 11:41:59.438607,1.3562770000000002
726,6.285443000000001,2018-04-29 11:42:05.041151,A4b2,2018-04-29 11:41:58.755708,1286,2018-04-29 11:42:04.725426,5.969718
727,5.855719000000001,2018-04-29 11:42:05.284806,A4b2,2018-04-29 11:41:59.429087,1286,2018-04-29 11:42:05.041151,5.612064
728,0.7076920000000001,2018-04-29 11:42:05.560677,A2a4,2018-04-29 11:42:04.852985,1286,2018-04-29 11:42:05.284806,0.431821
729,0.668782,2018-04-29 11:42:05.870067,A2a4,2018-04-29 11:42:05.201285,1286,2018-04-29 11:42:05.560677,0.35939200000000004
730,0.694457,2018-04-29 11:42:06.220821,A2a4,2018-04-29 11:42:05.526364,1286,2018-04-29 11:42:05.870067,0.34370300000000004
731,0.71965,2018-04-29 11:42:06.571093,A2a4,2018-04-29 11:42:05.851443,1286,2018-04-29 11:42:06.220821,0.36937800000000004
732,0.690575,2018-04-29 11:42:06.890318,A2a4,2018-04-29 11:42:06.199743,1286,2018-04-29 11:42:06.571093,0.37135
733,0.6895260000000001,2018-04-29 11:42:07.214348,A2a4,2018-04-29 11:42:06.524822,1286,2018-04-29 11:42:06.890318,0.36549600000000004
734,0.7058840000000001,2018-04-29 11:42:07.555785,A2a4,2018-04-29 11:42:06.849901,1286,2018-04-29 11:42:07.214348,0.364447
735,0.66563,2018-04-29 11:42:07.863831,A2a4,2018-04-29 11:42:07.198201,1286,2018-04-29 11:42:07.555785,0.357584
736,0.6706580000000001,2018-04-29 11:42:08.193938,A2a4,2018-04-29 11:42:07.523280,1286,2018-04-29 11:42:07.863831,0.34055100000000005
737,0.7069040000000001,2018-04-29 11:42:08.555263,A2a4,2018-04-29 11:42:07.848359,1286,2018-04-29 11:42:08.193938,0.345579
738,0.7080850000000001,2018-04-29 11:42:08.904744,A2a4,2018-04-29 11:42:08.196659,1286,2018-04-29 11:42:08.555263,0.35860400000000003
739,0.6945840000000001,2018-04-29 11:42:09.216322,A2a4,2018-04-29 11:42:08.521738,1286,2018-04-29 11:42:08.904744,0.383006
740,0.665621,2018-04-29 11:42:09.535658,A2a4,2018-04-29 11:42:08.870037,1286,2018-04-29 11:42:09.216322,0.346285
741,0.65415,2018-04-29 11:42:09.849267,A2a4,2018-04-29 11:42:09.195117,1286,2018-04-29 11:42:09.535658,0.34054100000000004
742,0.6563100000000001,2018-04-29 11:42:10.176506,A2a4,2018-04-29 11:42:09.520196,1286,2018-04-29 11:42:09.849267,0.329071
743,0.6599970000000001,2018-04-29 11:42:10.528493,A2a4,2018-04-29 11:42:09.868496,1286,2018-04-29 11:42:10.176506,0.30801
744,0.673483,2018-04-29 11:42:10.867058,A2a4,2018-04-29 11:42:10.193575,1286,2018-04-29 11:42:10.528493,0.334918
745,0.6826220000000001,2018-04-29 11:42:11.201276,A2a4,2018-04-29 11:42:10.518654,1286,2018-04-29 11:42:10.867058,0.34840400000000005
746,0.656636,2018-04-29 11:42:11.523590,A2a4,2018-04-29 11:42:10.866954,1286,2018-04-29 11:42:11.201276,0.334322
747,4.621435,2018-04-29 11:42:15.813468,A2a4,2018-04-29 11:42:11.192033,1286,2018-04-29 11:42:11.523590,0.33155700000000005
748,4.569077,2018-04-29 11:42:16.086189,A2a4,2018-04-29 11:42:11.517112,1286,2018-04-29 11:42:15.813468,4.296356
749,0.6704640000000001,2018-04-29 11:42:16.330859,A3b4,2018-04-29 11:42:15.660395,1286,2018-04-29 11:42:16.086189,0.425794
750,0.69435,2018-04-29 11:42:16.586944,A3b4,2018-04-29 11:42:15.892594,1286,2018-04-29 11:42:16.330859,0.438265
751,0.659841,2018-04-29 11:42:16.877515,A3b4,2018-04-29 11:42:16.217674,1286,2018-04-29 11:42:16.586944,0.36927000000000004
752,0.762521,2018-04-29 11:42:17.165954,A3b4,2018-04-29 11:42:16.403433,1286,2018-04-29 11:42:16.877515,0.474082
753,0.9478740000000001,2018-04-29 11:42:17.467407,A3b4,2018-04-29 11:42:16.519533,1286,2018-04-29 11:42:17.165954,0.646421
754,0.9463210000000001,2018-04-29 11:42:17.790933,A3b4,2018-04-29 11:42:16.844612,1286,2018-04-29 11:42:17.467407,0.622795
755,1.071215,2018-04-29 11:42:18.101587,A3b4,2018-04-29 11:42:17.030372,1286,2018-04-29 11:42:17.790933,0.760561
756,1.31128,2018-04-29 11:42:18.457752,A3b4,2018-04-29 11:42:17.146472,1286,2018-04-29 11:42:18.101587,0.955115
757,1.487149,2018-04-29 11:42:18.819381,A3b4,2018-04-29 11:42:17.332232,1286,2018-04-29 11:42:18.457752,1.12552
758,1.737594,2018-04-29 11:42:19.185925,A3b4,2018-04-29 11:42:17.448331,1286,2018-04-29 11:42:18.819381,1.37105
759,1.7633780000000001,2018-04-29 11:42:19.536789,A3b4,2018-04-29 11:42:17.773411,1286,2018-04-29 11:42:19.185925,1.412514
760,1.785792,2018-04-29 11:42:19.907502,A3b4,2018-04-29 11:42:18.121710,1286,2018-04-29 11:42:19.536789,1.4150790000000002
761,1.9505260000000002,2018-04-29 11:42:20.257996,A3b4,2018-04-29 11:42:18.307470,1286,2018-04-29 11:42:19.907502,1.6000320000000001
762,1.9166120000000002,2018-04-29 11:42:20.363401,A3b4,2018-04-29 11:42:18.446789,1286,2018-04-29 11:42:20.257996,1.811207
763,1.908177,2018-04-29 11:42:20.563946,A3b4,2018-04-29 11:42:18.655769,1286,2018-04-29 11:42:20.363401,1.707632
764,2.042567,2018-04-29 11:42:20.860876,A3b4,2018-04-29 11:42:18.818309,1286,2018-04-29 11:42:20.563946,1.745637
765,2.023911,2018-04-29 11:42:21.190519,A3b4,2018-04-29 11:42:19.166608,1286,2018-04-29 11:42:20.860876,1.694268
766,2.1364210000000003,2018-04-29 11:42:21.512009,A3b4,2018-04-29 11:42:19.375588,1286,2018-04-29 11:42:21.190519,1.814931
767,2.294471,2018-04-29 11:42:21.809378,A3b4,2018-04-29 11:42:19.514907,1286,2018-04-29 11:42:21.512009,1.9971020000000002
768,2.266967,2018-04-29 11:42:22.130174,A3b4,2018-04-29 11:42:19.863207,1286,2018-04-29 11:42:21.809378,1.946171
769,2.4064270000000003,2018-04-29 11:42:22.478613,A3b4,2018-04-29 11:42:20.072186,1286,2018-04-29 11:42:22.130174,2.057988
770,2.6386860000000003,2018-04-29 11:42:22.850192,A3b4,2018-04-29 11:42:20.211506,1286,2018-04-29 11:42:22.478613,2.267107
771,2.776986,2018-04-29 11:42:23.174252,A3b4,2018-04-29 11:42:20.397266,1286,2018-04-29 11:42:22.850192,2.452926
772,3.0223210000000003,2018-04-29 11:42:23.558906,A3b4,2018-04-29 11:42:20.536585,1286,2018-04-29 11:42:23.174252,2.637667
773,3.1973770000000004,2018-04-29 11:42:23.919722,A3b4,2018-04-29 11:42:20.722345,1286,2018-04-29 11:42:23.558906,2.836561
774,3.457336,2018-04-29 11:42:24.295781,A3b4,2018-04-29 11:42:20.838445,1286,2018-04-29 11:42:23.919722,3.081277
775,3.236571,2018-04-29 11:42:24.400095,A3b4,2018-04-29 11:42:21.163524,1286,2018-04-29 11:42:24.295781,3.132257
776,3.266458,2018-04-29 11:42:24.615742,A3b4,2018-04-29 11:42:21.349284,1286,2018-04-29 11:42:24.400095,3.0508110000000004
777,3.4680020000000003,2018-04-29 11:42:24.933385,A3b4,2018-04-29 11:42:21.465383,1286,2018-04-29 11:42:24.615742,3.1503590000000004
778,3.467982,2018-04-29 11:42:25.258445,A3b4,2018-04-29 11:42:21.790463,1286,2018-04-29 11:42:24.933385,3.142922
779,3.5466580000000003,2018-04-29 11:42:25.546100,A3b4,2018-04-29 11:42:21.999442,1286,2018-04-29 11:42:25.258445,3.2590030000000003
780,3.717048,2018-04-29 11:42:25.855810,A3b4,2018-04-29 11:42:22.138762,1286,2018-04-29 11:42:25.546100,3.407338
781,3.8494840000000003,2018-04-29 11:42:26.197226,A3b4,2018-04-29 11:42:22.347742,1286,2018-04-29 11:42:25.855810,3.508068
782,4.019947,2018-04-29 11:42:26.507008,A3b4,2018-04-29 11:42:22.487061,1286,2018-04-29 11:42:26.197226,3.7101650000000004
783,7.046633000000001,2018-04-29 11:42:29.742674,A3b4,2018-04-29 11:42:22.696041,1286,2018-04-29 11:42:26.507008,3.810967
784,8.145660000000001,2018-04-29 11:42:31.004241,A3b4,2018-04-29 11:42:22.858581,1286,2018-04-29 11:42:29.742674,6.884093
785,9.077618000000001,2018-04-29 11:42:32.284498,A3b4,2018-04-29 11:42:23.206880,1286,2018-04-29 11:42:31.004241,7.797361
786,10.106041000000001,2018-04-29 11:42:33.521901,A3b4,2018-04-29 11:42:23.415860,1286,2018-04-29 11:42:32.284498,8.868638
787,11.243294,2018-04-29 11:42:34.821693,A3b4,2018-04-29 11:42:23.578399,1286,2018-04-29 11:42:33.521901,9.943502
788,12.389997000000001,2018-04-29 11:42:36.177376,A3b4,2018-04-29 11:42:23.787379,1286,2018-04-29 11:42:34.821693,11.034314
789,13.655848,2018-04-29 11:42:37.582547,A3b4,2018-04-29 11:42:23.926699,1286,2018-04-29 11:42:36.177376,12.250677000000001
790,14.648728,2018-04-29 11:42:38.900506,A3b4,2018-04-29 11:42:24.251778,1286,2018-04-29 11:42:37.582547,13.330769
791,15.749139000000001,2018-04-29 11:42:40.209897,A3b4,2018-04-29 11:42:24.460758,1286,2018-04-29 11:42:38.900506,14.439748000000002
792,16.890155,2018-04-29 11:42:41.467012,A3b4,2018-04-29 11:42:24.576857,1286,2018-04-29 11:42:40.209897,15.633040000000001
793,18.081337,2018-04-29 11:42:42.843954,A3b4,2018-04-29 11:42:24.762617,1286,2018-04-29 11:42:41.467012,16.704395
794,19.353179,2018-04-29 11:42:44.231896,A3b4,2018-04-29 11:42:24.878717,1286,2018-04-29 11:42:42.843954,17.965237000000002
795,20.390421,2018-04-29 11:42:45.594217,A3b4,2018-04-29 11:42:25.203796,1286,2018-04-29 11:42:44.231896,19.028100000000002
796,21.599483000000003,2018-04-29 11:42:46.989039,A3b4,2018-04-29 11:42:25.389556,1286,2018-04-29 11:42:45.594217,20.204661
797,22.707944,2018-04-29 11:42:48.213600,A3b4,2018-04-29 11:42:25.505656,1286,2018-04-29 11:42:46.989039,21.483383
798,23.743778000000002,2018-04-29 11:42:49.574513,A3b4,2018-04-29 11:42:25.830735,1286,2018-04-29 11:42:48.213600,22.382865000000002
799,24.690663,2018-04-29 11:42:50.846477,A3b4,2018-04-29 11:42:26.155814,1286,2018-04-29 11:42:49.574513,23.418699
800,25.827578000000003,2018-04-29 11:42:52.192372,A3b4,2018-04-29 11:42:26.364794,1286,2018-04-29 11:42:50.846477,24.481683
801,22.670296,2018-04-29 11:42:53.521764,A2a1,2018-04-29 11:42:30.851468,1286,2018-04-29 11:42:52.192372,21.340904000000002
802,22.712267,2018-04-29 11:42:54.910493,A2a1,2018-04-29 11:42:32.198226,1286,2018-04-29 11:42:53.521764,21.323538000000003
803,22.649777,2018-04-29 11:42:56.171540,A2a1,2018-04-29 11:42:33.521763,1286,2018-04-29 11:42:54.910493,21.388730000000002
804,22.683697000000002,2018-04-29 11:42:57.528998,A2a1,2018-04-29 11:42:34.845301,1286,2018-04-29 11:42:56.171540,21.326239
805,,,A2a1,2018-04-29 11:42:36.192058,1286,,
806,,,A2a1,2018-04-29 11:42:37.515595,1286,,
807,,,A2a1,2018-04-29 11:42:38.862353,1286,,
808,,,A2a1,2018-04-29 11:42:40.185890,1286,,
809,,,A2a1,2018-04-29 11:42:41.532648,1286,,
810,,,A2a1,2018-04-29 11:42:42.856185,1286,,
811,,,A2a1,2018-04-29 11:42:44.179722,1286,,
812,,,A2a1,2018-04-29 11:42:45.526480,1286,,
813,,,A2a1,2018-04-29 11:42:46.850017,1286,,
814,,,A2a1,2018-04-29 11:42:48.196774,1286,,
815,,,A2a1,2018-04-29 11:42:49.520312,1286,,
816,,,A2a1,2018-04-29 11:42:50.867069,1286,,
817,,,A2a1,2018-04-29 11:42:52.190607,1286,,
818,,,A2a1,2018-04-29 11:42:53.514144,1286,,
819,,,A2a1,2018-04-29 11:42:54.860901,1286,,
820,,,A2a1,2018-04-29 11:42:56.184439,1286,,
821,,,A2a1,2018-04-29 11:42:57.531196,1286,,
